ลำดับ,คำถาม,คำตอบ,คีเวดหลัก,คำที่มีโอกาสพิมพ์ผิด,หมายเหตุ
1,ใช้กระดาษอะไรพิมพ์วิทยานิพนธ์?,กระดาษปอนด์ขาวพิเศษ หรือ กระดาษถนอมสายตา ไม่มีเส้นบรรทัด ขนาด A4 น้ำหนัก 80 กรัม/ตร.ม.,"กระดาษ, ขนาดกระดาษ, A4, 80 กรัม","กะดาษ, กะดาด, กระดาด, A 4",บทที่ 3 หน้า 16
2,พิมพ์วิทยานิพนธ์ภาษาไทยใช้ฟอนต์อะไรและขนาดเท่าไหร่?,"ใช้ฟอนต์ AngsanaUPC, BrowalliaUPC, DilleniaUPC, EucrosiaUPC, CordiaUPC หรือ TH SarabunPSK ขนาด 16 พอยต์","ฟอนต์, ตัวอักษร, ขนาดฟอนต์, รูปแบบอักษร, ภาษาไทย","ฟ้อน, ฟ้อนต์, font, ฟรอนต์, ฟรอน",บทที่ 3 หน้า 16
3,พิมพ์วิทยานิพนธ์ภาษาอังกฤษใช้ฟอนต์อะไรและขนาดเท่าไหร่?,ใช้ฟอนต์ Times New Roman ขนาด 12 พอยต์,"ฟอนต์อังกฤษ, Times New Roman, ขนาดฟอนต์, ภาษาอังกฤษ","ฟ้อน, ฟ้อนต์, font, ไทมนิวโรมัน, time new roman",บทที่ 3 หน้า 16
4,การตั้งค่าหน้ากระดาษ (ขอบกระดาษ) ต้องเว้นระยะเท่าไหร่?,หัวกระดาษเว้น 1.5 นิ้ว (ถ้าขึ้นบทใหม่เว้น 2 นิ้ว) ขอบซ้ายเว้น 1.5 นิ้ว ขอบล่างและขอบขวาเว้น 1 นิ้ว,"ขอบกระดาษ, ตั้งหน้ากระดาษ, กั้นหน้า, กั้นหลัง, ระยะขอบ","ขอบกะดาษ, ขอบกระดาด, ตั้งค่าหน้ากะดาษ",บทที่ 3 หน้า 16
5,การลำดับหน้าในส่วนเนื้อหาและอ้างอิงใช้ตัวเลขแบบไหน วางไว้ตรงไหน?,ใช้ตัวเลขอารบิค พิมพ์ไว้ริมขอบขวาด้านบน ห่างจากขอบบนและขวาด้านละ 1 นิ้ว (ยกเว้นหน้าแรกของบทไม่ต้องใส่เลขหน้า),"เลขหน้า, ลำดับหน้า, การใส่เลขหน้า, ตำแหน่งเลขหน้า","เลกหน้า, ลำดับน่า, เลขน่า",บทที่ 3 หน้า 19
6,การใส่เลขหน้าในส่วนนำ (เช่น กิตติกรรมประกาศ สารบัญ) ต้องทำอย่างไร?,"ภาษาไทยใช้ ก, ข, ค... ภาษาอังกฤษใช้ i, ii, iii... วางไว้กลางหน้ากระดาษด้านล่าง ห่างขอบล่าง 0.5 นิ้ว","เลขหน้าส่วนนำ, ก ข ค, เลขโรมัน","เลกหน้า, ส่วนนัม, เลขน่า",บทที่ 3 หน้า 19
7,การส่งวิทยานิพนธ์ฉบับสมบูรณ์ต้องทำอย่างไร?,ส่งฉบับสมบูรณ์ 1 เล่ม ใส่ซองมาตรฐานขยายข้างสีน้ำตาล ปะสำเนาปกในหน้าซอง พร้อมแนบเอกสาร บว.29 และ บว.30,"ส่งเล่ม, วิทยานิพนธ์ฉบับสมบูรณ์, เล่มจบ, บว.30","ส่งเล่มจบ, ฉบับสมบูน, วิทยานิพน, วิจัย",บทที่ 1 หน้า 3-4
8,การเขียนบรรณานุกรมหรือเอกสารอ้างอิงใช้รูปแบบใด?,ใช้ได้ 2 รูปแบบ คือ แบบ APA หรือแบบ MLA แต่ต้องใช้แบบเดียวกันตลอดเล่ม,"บรรณานุกรม, เอกสารอ้างอิง, APA, MLA, รูปแบบอ้างอิง","บันนานุกม, บรรณานุกม, อ้างอิง, reference",บทที่ 3 หน้า 27-28
9,ปกนอกของเล่มวิทยานิพนธ์มีลักษณะอย่างไร?,ปกนอกเป็นปกแข็งสีดำ ตัวอักษรพิมพ์ด้วยสีทอง ข้อความเหมือนปกในทุกประการ,"ปกนอก, ปกแข็ง, สีปก, ปกวิทยานิพนธ์, สีตัวอักษร","ปกวิจัย, ปรกนอก, สีปรก",บทที่ 2 หน้า 8
10,การพิมพ์วิทยานิพนธ์ต้องพิมพ์หน้าเดียวหรือหน้าหลัง?,ถ้ามีตั้งแต่ 81 หน้าขึ้นไป ให้พิมพ์ 2 หน้าต่อกระดาษ 1 แผ่น (หน้าคี่อยู่หน้า หน้าคู่อยู่หลัง) และขึ้นบทใหม่ที่หน้าคี่เสมอ,"พิมพ์หน้าหลัง, พิมพ์สองหน้า, จำนวนหน้า, หน้าคี่, หน้าคู่","พิมหน้าหลัง, พิมสองหน้า, พิมหน้าเดียว",บทที่ 1 หน้า 3
11,การเสนอโครงการวิทยานิพนธ์ต้องลงทะเบียนกี่หน่วยกิต?,ต้องลงทะเบียนวิทยานิพนธ์ไม่น้อยกว่า 3 หน่วยกิตในภาคการศึกษานั้น,"ลงทะเบียน, หน่วยกิต, เสนอโครงการ","ลงทะเบี่ยน, น่วยกิต",บทที่ 1 หน้า 1
12,เกรดเฉลี่ยขั้นต่ำในการเสนอโครงการวิทยานิพนธ์คือเท่าไหร่?,นักศึกษาปริญญาโท แผน ก แบบ ก 2 ต้องได้คะแนนเฉลี่ยสะสมไม่ต่ำกว่า 3.00,"เกรดเฉลี่ย, เกรด, GPA, เสนอโครงการ","เกรดเฉลีย, เกรดขั้นต่ำ",บทที่ 1 หน้า 1
13,นักศึกษาปริญญาเอกต้องผ่านอะไรก่อนเสนอโครงการวิทยานิพนธ์?,ต้องสอบผ่านการสอบวัดคุณสมบัติ (Qualifying Examination) และสอบผ่านภาษาต่างประเทศ,"ปริญญาเอก, สอบวัดคุณสมบัติ, เสนอโครงการ","ป.เอก, ปริญญาเอก, สอบวัดคุนสมบัติ",บทที่ 1 หน้า 1
14,การเสนอโครงการวิทยานิพนธ์ใช้แบบฟอร์มอะไร?,"ใช้คำร้อง บว.01, บว.51 และ บว.02","แบบฟอร์ม, เสนอโครงการ, บว.01, บว.51, บว.02","ฟอม, แบฟอม",บทที่ 1 หน้า 1
15,บัณฑิตวิทยาลัยจะอนุมัติโครงการวิทยานิพนธ์ภายในกี่วัน?,จะพิจารณาอนุมัติภายใน 3 วันทำการ,"อนุมัติโครงการ, กี่วัน, ระยะเวลา","อนุมัติ, อณุมัติ",บทที่ 1 หน้า 1
16,ต้องยื่นขอสอบหัวข้อวิทยานิพนธ์ภายในกี่วันหลังจากขออนุมัติโครงการ?,ภายใน 30 วัน นับแต่วันที่ยื่นขออนุมัติโครงการวิทยานิพนธ์,"สอบหัวข้อ, ยื่นสอบ, ระยะเวลา, 30 วัน",สอบหัวข้อวิจัย,บทที่ 1 หน้า 2
17,การสอบหัวข้อวิทยานิพนธ์ใช้แบบฟอร์มอะไร?,ใช้คำร้อง บว.03 พร้อมโครงการย่อ บว.53,"แบบฟอร์มสอบหัวข้อ, บว.03, บว.53","ฟอม, แบฟอม",บทที่ 1 หน้า 2
18,หากสอบหัวข้อวิทยานิพนธ์ผ่านต้องรายงานผลภายในกี่วัน?,ต้องรายงานผลไปยังบัณฑิตวิทยาลัยภายใน 1 สัปดาห์นับจากวันสอบ,"รายงานผลสอบ, สอบหัวข้อผ่าน, รายงานผล",รายงานผลสอบ,บทที่ 1 หน้า 2
19,ถ้าสอบหัวข้อวิทยานิพนธ์ผ่านแบบมีการปรับปรุงแก้ไขต้องทำอย่างไร?,ต้องแก้ไขและยื่นคำร้อง บว.10 พร้อมโครงการฉบับแก้ไขภายใน 30 วัน,"แก้ไขหัวข้อ, สอบผ่านแบบมีเงื่อนไข, บว.10",แก้ไขงาน,บทที่ 1 หน้า 2
20,ถ้าสอบหัวข้อวิทยานิพนธ์ไม่ผ่านต้องทำอย่างไร?,ต้องเสนอโครงการวิทยานิพนธ์ใหม่และสอบหัวข้อใหม่,"สอบไม่ผ่าน, ตกสอบหัวข้อ","สอบหัวข้อไม่ผ่าน, สอบตก",บทที่ 1 หน้า 2
21,การเปลี่ยนหัวข้อวิทยานิพนธ์มีผลอย่างไร?,อาจารย์ที่ปรึกษาจะประเมินผลเป็น U และต้องลงทะเบียนยื่นขออนุมัติโครงการใหม่,"เปลี่ยนหัวข้อ, เปลี่ยนชื่อเรื่อง, เกรด U",เปลียนหัวข้อ,บทที่ 1 หน้า 2
22,ปริญญาโท แผน ก แบบ ก 1 ต้องได้รับอนุมัติหัวข้อกี่วันถึงสอบความก้าวหน้าได้?,ไม่น้อยกว่า 120 วัน,"สอบความก้าวหน้า, ปริญญาโท แผน ก 1, 120 วัน","สอบก้าวหน้า, ป.โท",บทที่ 1 หน้า 2
23,ปริญญาโท แผน ก แบบ ก 2 ต้องได้รับอนุมัติหัวข้อกี่วันถึงสอบความก้าวหน้าได้?,ไม่น้อยกว่า 60 วัน,"สอบความก้าวหน้า, ปริญญาโท แผน ก 2, 60 วัน","สอบก้าวหน้า, ป.โท",บทที่ 1 หน้า 2
24,ปริญญาเอก แบบ 1 ต้องได้รับอนุมัติหัวข้อกี่วันถึงสอบความก้าวหน้าได้?,ไม่น้อยกว่า 365 วัน,"สอบความก้าวหน้า, ปริญญาเอก แบบ 1, 365 วัน","สอบก้าวหน้า, ป.เอก",บทที่ 1 หน้า 2
25,ปริญญาเอก แบบ 2 ต้องได้รับอนุมัติหัวข้อกี่วันถึงสอบความก้าวหน้าได้?,ไม่น้อยกว่า 183 วัน,"สอบความก้าวหน้า, ปริญญาเอก แบบ 2, 183 วัน","สอบก้าวหน้า, ป.เอก",บทที่ 1 หน้า 2
26,การสอบความก้าวหน้าวิทยานิพนธ์ใช้แบบฟอร์มอะไร?,ใช้คำร้อง บว.04 พร้อมโครงการย่อ บว.53,"แบบฟอร์มสอบความก้าวหน้า, บว.04, บว.53","ฟอม, สอบก้าวหน้า",บทที่ 1 หน้า 2
27,ต้องรายงานผลสอบความก้าวหน้าภายในกี่วัน?,ภายใน 1 สัปดาห์นับจากวันสอบ,"รายงานผลสอบความก้าวหน้า, รายงานผล",แจ้งผลสอบ,บทที่ 1 หน้า 2
28,ปริญญาโท แผน ก 1 ต้องใช้เวลาทำวิทยานิพนธ์กี่วันถึงขอสอบป้องกันได้?,ไม่น้อยกว่า 240 วัน,"สอบป้องกัน, ปริญญาโท แผน ก 1, 240 วัน","สอบจบ, ป.โท",บทที่ 1 หน้า 3
29,ปริญญาโท แผน ก 2 ต้องใช้เวลาทำวิทยานิพนธ์กี่วันถึงขอสอบป้องกันได้?,ไม่น้อยกว่า 120 วัน,"สอบป้องกัน, ปริญญาโท แผน ก 2, 120 วัน","สอบจบ, ป.โท",บทที่ 1 หน้า 3
30,ปริญญาเอก แบบ 1 ต้องใช้เวลาทำวิทยานิพนธ์กี่วันถึงขอสอบป้องกันได้?,ไม่น้อยกว่า 730 วัน,"สอบป้องกัน, ปริญญาเอก แบบ 1, 730 วัน","สอบจบ, ป.เอก",บทที่ 1 หน้า 3
31,ปริญญาเอก แบบ 2 ต้องใช้เวลาทำวิทยานิพนธ์กี่วันถึงขอสอบป้องกันได้?,ไม่น้อยกว่า 365 วัน,"สอบป้องกัน, ปริญญาเอก แบบ 2, 365 วัน","สอบจบ, ป.เอก",บทที่ 1 หน้า 3
32,ต้องผ่านการสอบความก้าวหน้ามากี่วันถึงมีสิทธิ์สอบป้องกัน?,ไม่น้อยกว่า 30 วัน,"ระยะเวลาสอบป้องกัน, หลังสอบความก้าวหน้า",สอบจบ,บทที่ 1 หน้า 3
33,เกรดเฉลี่ยสะสมขั้นต่ำก่อนสอบป้องกันวิทยานิพนธ์คือเท่าไหร่?,ไม่ต่ำกว่า 3.00,"เกรดเฉลี่ยสอบป้องกัน, GPA, เกรดจบ",เกรดเฉลีย,บทที่ 1 หน้า 3
34,การขอสอบป้องกันวิทยานิพนธ์ใช้แบบฟอร์มอะไรบ้าง?,"ใช้ บว.05, บว.28, บว.53, บว.54 พร้อมวิทยานิพนธ์ฉบับสอบ","แบบฟอร์มสอบป้องกัน, บว.05, สอบจบ",ฟอม,บทที่ 1 หน้า 3
35,ต้องส่งผลสอบป้องกันวิทยานิพนธ์ภายในกี่วัน?,ภายใน 1 สัปดาห์นับจากวันสอบ,"รายงานผลสอบป้องกัน, แจ้งผลสอบจบ",รายงานผลสอบ,บทที่ 1 หน้า 3
36,เอกสารที่ต้องแนบพร้อมการส่งวิทยานิพนธ์ฉบับสมบูรณ์คืออะไร?,บว.29 (เอกสารผลงานตีพิมพ์) และ บว.30 (ขอส่งเล่มสมบูรณ์),"ส่งเล่มสมบูรณ์, เอกสารแนบ, บว.29, บว.30",ส่งเล่มจบ,บทที่ 1 หน้า 4
37,การเย็บเล่มวิทยานิพนธ์ฉบับสมบูรณ์ต้องทำกี่เล่ม?,ชำระค่าทำปกและเย็บเล่ม 2 เล่ม,"จำนวนเล่ม, เย็บเล่ม, ทำปก",เยบเล่ม,บทที่ 1 หน้า 4
38,บัณฑิตวิทยาลัยจะบันทึกข้อมูลวิทยานิพนธ์ลงสื่อใด?,บันทึกลงบนแผ่น CD,"แผ่น CD, บันทึกข้อมูล, ซีดี",CD,บทที่ 1 หน้า 4
39,ส่วนประกอบของวิทยานิพนธ์มีกี่ส่วน อะไรบ้าง?,มี 3 ส่วน คือ ส่วนนำ ส่วนเนื้อหา ส่วนอ้างอิงหรือส่วนท้าย,"ส่วนประกอบ, โครงสร้างวิทยานิพนธ์",ส่วนประกอบวิทยานิพน,บทที่ 2 หน้า 8
40,ปกนอกของวิทยานิพนธ์มีลักษณะอย่างไร?,เป็นปกแข็งสีดำ ตัวอักษรสีทอง ข้อความเหมือนปกใน,"ปกนอก, ปกแข็ง, สีปก",ปกวิจัย,บทที่ 2 หน้า 8
41,สันปกวิทยานิพนธ์ต้องพิมพ์อะไรบ้าง?,พิมพ์ชื่อผู้แต่ง และปีการศึกษาที่สำเร็จการศึกษา,"สันปก, ข้อความสันปก",สันเล่ม,บทที่ 2 หน้า 8
42,การลงนามในใบรับรองวิทยานิพนธ์ต้องใช้หมึกสีอะไร?,ลายมือชื่อจริงด้วยหมึกสีดำเท่านั้น,"ใบรับรอง, สีหมึก, เซ็นชื่อ","หมึกดำ, หมึกสีดำ",บทที่ 2 หน้า 8
43,ปกในของวิทยานิพนธ์ภาษาไทยใช้ฟอนต์ขนาดเท่าไหร่?,ขนาดตัวอักษร 16 พอยต์ ตัวอักษรธรรมดา,"ปกใน, ขนาดฟอนต์, ภาษาไทย",ปกวิจัย,บทที่ 2 หน้า 8
44,ปกในของวิทยานิพนธ์ภาษาอังกฤษใช้ฟอนต์อะไรและขนาดเท่าไหร่?,Times New Roman ขนาด 12 พอยต์ ตัวพิมพ์ใหญ่,"ปกใน, ฟอนต์อังกฤษ, Times New Roman",ปกวิจัย,บทที่ 2 หน้า 8
45,บทคัดย่อต้องเขียนกี่ภาษา?,ถ้าเขียนวิทยานิพนธ์ภาษาไทยต้องมีบทคัดย่อภาษาไทยและอังกฤษ,"บทคัดย่อ, ภาษา, abstract",บดคัดย่อ,บทที่ 2 หน้า 8
46,บทคัดย่อควรมีลักษณะการเขียนอย่างไร?,ควรใช้ประโยคสมบูรณ์ กระชับ ชัดเจน และเป็นการรายงานผลมากกว่าการประเมิน,"การเขียนบทคัดย่อ, ลักษณะบทคัดย่อ",บดคัดย่อ,บทที่ 2 หน้า 9
47,กิตติกรรมประกาศคืออะไร?,ข้อความแสดงความขอบคุณบุคคล สถาบันที่ให้ความช่วยเหลือในการทำวิทยานิพนธ์,"กิตติกรรมประกาศ, ขอบคุณ",กิตติกรรม,บทที่ 2 หน้า 9
48,ความยาวของกิตติกรรมประกาศควรมีกี่หน้า?,ไม่เกิน 1 หน้า,"ความยาวกิตติกรรมประกาศ, จำนวนหน้า",กิตติกรรม,บทที่ 2 หน้า 9
49,"คำว่า ""สารบัญ"" ต้องพิมพ์ด้วยฟอนต์ขนาดเท่าไหร่?",ขนาด 16 พอยต์ ตัวหนา (Bold),"สารบัญ, ขนาดฟอนต์, ตัวหนา",สารบัน,บทที่ 2 หน้า 9
50,หากสารบัญไม่จบในหนึ่งหน้า ต้องทำอย่างไร?,"ให้พิมพ์คำว่า ""สารบัญ (ต่อ)"" กลางหน้ากระดาษหน้าถัดไป","สารบัญต่อ, ขึ้นหน้าใหม่",สารบัน,บทที่ 2 หน้า 9
51,สารบัญภาพคืออะไร?,ส่วนที่แจ้งหมายเลขหน้าของภาพทั้งหมดในวิทยานิพนธ์,"สารบัญภาพ, รูปภาพ",สารบันภาพ,บทที่ 2 หน้า 10
52,ส่วนเนื้อหาวิทยานิพนธ์โดยทั่วไปมีกี่บท?,มี 5 บท,"ส่วนเนื้อหา, จำนวนบท",บทวิจัย,บทที่ 2 หน้า 10
53,บทที่ 1 บทนำ ประกอบด้วยอะไรบ้าง?,"ความเป็นมา, วัตถุประสงค์, สมมติฐาน, ขอบเขต, นิยามศัพท์, ประโยชน์","บทที่ 1, บทนำ, องค์ประกอบ",บดนำ,บทที่ 2 หน้า 10-11
54,การกำหนดขอบเขตของการวิจัยแบ่งเป็นกี่ประเด็น?,3 ประเด็น คือ เนื้อหาสาระ พื้นที่ และเวลา,"ขอบเขตการวิจัย, ประเด็นขอบเขต",ขอบเขต,บทที่ 2 หน้า 11
55,บทที่ 2 เอกสารและงานวิจัยที่เกี่ยวข้อง ประกอบด้วยอะไร?,แนวคิดและทฤษฎีที่เกี่ยวข้อง และงานวิจัยที่เกี่ยวข้อง,"บทที่ 2, วรรณกรรม, ทฤษฎี",เอกสารอ้างอิง,บทที่ 2 หน้า 11-12
56,งานวิจัยที่เกี่ยวข้องที่นำมาอ้างอิงควรมีอายุไม่เกินกี่ปี?,ไม่ควรเกิน 10 ปี (ยกเว้นทฤษฎีที่เป็นจริง),"อายุงานวิจัย, ปีที่พิมพ์, อ้างอิง, 10 ปี",งานวิจัยเก่า,บทที่ 2 หน้า 12
57,บทที่ 3 วิธีดำเนินการวิจัย คืออะไร?,การรายงานแผนการและวิธีดำเนินงาน เช่น ประชากร เครื่องมือ การเก็บข้อมูล,"บทที่ 3, วิธีวิจัย, ระเบียบวิธีวิจัย",วิธีดำเนินงาน,บทที่ 2 หน้า 12
58,บทที่ 4 ผลการวิจัย นำเสนอข้อมูลอย่างไร?,นำเสนอผลการวิเคราะห์ข้อมูลในรูปตารางหรืออื่นๆ ตามความเป็นจริง,"บทที่ 4, ผลการวิจัย, การนำเสนอผล",ผลวิจัย,บทที่ 2 หน้า 13
59,บทที่ 5 ประกอบด้วยหัวข้ออะไรบ้าง?,สรุป อภิปรายผล และข้อเสนอแนะ,"บทที่ 5, สรุปผล, อภิปราย, ข้อเสนอแนะ",บทสรุป,บทที่ 2 หน้า 13
60,ส่วนอ้างอิงหรือส่วนท้ายประกอบด้วยอะไรบ้าง?,บรรณานุกรม ภาคผนวก และประวัติผู้วิจัย,"ส่วนอ้างอิง, ส่วนท้าย, บรรณานุกรม",อ้างอิง,บทที่ 2 หน้า 15
61,กระดาษที่ใช้พิมพ์วิทยานิพนธ์ต้องมีน้ำหนักเท่าไหร่?,80 กรัมต่อตารางเมตร,"น้ำหนักกระดาษ, 80 กรัม, กระดาษพิมพ์","กะดาษ, น้ำหนักกะดาษ, แปดสิบกรัม",บทที่ 3 หน้า 16
62,การเว้นขอบกระดาษด้านซ้ายมือต้องเว้นระยะเท่าไหร่?,1.5 นิ้ว หรือ 3.81 เซนติเมตร,"ขอบซ้าย, กั้นหน้า, 1.5 นิ้ว","ขอบซ้ายมือ, เว้นซ้าย",บทที่ 3 หน้า 16
63,การเว้นขอบกระดาษด้านล่างและขวามือต้องเว้นระยะเท่าไหร่?,1 นิ้ว หรือ 2.54 เซนติเมตร,"ขอบล่าง, ขอบขวา, 1 นิ้ว","ขอบลาง, กั้นหลัง",บทที่ 3 หน้า 16
64,การขึ้นบทใหม่ต้องเว้นหัวกระดาษเท่าไหร่?,2 นิ้ว หรือ 5.08 เซนติเมตร,"ขึ้นบทใหม่, หัวกระดาษ, 2 นิ้ว","หัวกะดาษ, ขึ้นบท",บทที่ 3 หน้า 16
65,วิทยานิพนธ์ภาษาไทยใช้ฟอนต์อะไร?,"AngsanaUPC, BrowalliaUPC, DilleniaUPC, EucrosiaUPC, CordiaUPC หรือ TH SarabunPSK","ฟอนต์ไทย, รูปแบบอักษร, ภาษาไทย","ฟ้อน, ฟ้อนต์, font",บทที่ 3 หน้า 16
66,ตัวอักษรธรรมดาที่เป็นตัวพื้นของการพิมพ์ตลอดทั้งเล่มภาษาไทยใช้ขนาดเท่าไหร่?,16 พอยต์,"ขนาดอักษร, ขนาดฟอนต์, 16 พอยต์","ขนาดฟ้อน, 16 point",บทที่ 3 หน้า 16
67,หัวข้อสำคัญในวิทยานิพนธ์ภาษาไทยใช้ตัวอักษรขนาดเท่าไหร่?,16 พอยต์ ตัวหนา (Bold),"หัวข้อสำคัญ, ตัวหนา, 16 พอยต์","หัวข้อ, ตัวทึบ",บทที่ 3 หน้า 16
68,วิทยานิพนธ์ภาษาอังกฤษใช้ฟอนต์อะไร?,Times New Roman,"ฟอนต์อังกฤษ, Times New Roman","ไทมนิวโรมัน, font อังกฤษ",บทที่ 3 หน้า 16
69,ตัวอักษรธรรมดาที่เป็นตัวพื้นของการพิมพ์ตลอดทั้งเล่มภาษาอังกฤษใช้ขนาดเท่าไหร่?,12 พอยต์,"ขนาดอักษรอังกฤษ, 12 พอยต์","ขนาดฟ้อนอังกฤษ, 12 point",บทที่ 3 หน้า 16
70,บรรทัดระหว่างหัวข้อสำคัญต้องเว้นระยะห่างเท่าไหร่?,1 บรรทัด (Single Line Spacing),"เว้นบรรทัด, ระยะห่าง, 1 บรรทัด","บรรทัด, เว้นช่อง",บทที่ 3 หน้า 16
71,การย่อหน้าต้องเว้นระยะจากขอบซ้ายเท่าไหร่?,1 เซนติเมตร (0.39 นิ้ว),"ย่อหน้า, เว้นระยะ, 1 เซนติเมตร","ย่อหน้ากระดาษ, 1 ซม",บทที่ 3 หน้า 16
72,การเว้นวรรคเล็กมีระยะห่างเท่าไหร่?,เท่ากับความกว้างของพยัญชนะ 1 ตัว (หรือ 1 เคาะ),"เว้นวรรคเล็ก, 1 เคาะ","เว้นวรรค, เคาะเดียว",บทที่ 3 หน้า 16
73,การเว้นวรรคใหญ่มีระยะห่างเท่าไหร่?,เท่ากับความกว้างของพยัญชนะ 2 ตัว (หรือ 2 เคาะ),"เว้นวรรคใหญ่, 2 เคาะ","เว้นวรรค, สองเคาะ",บทที่ 3 หน้า 16
74,การตัดคำเมื่อสิ้นสุดบรรทัดต้องใส่เครื่องหมายอะไร?,ยัติภังค์ (-),"ตัดคำ, ยัติภังค์, ขีด","ตัดคำท้ายบรรทัด, ขีดกลาง",บทที่ 3 หน้า 18
75,ถ้าพิมพ์มาถึงบรรทัดสุดท้ายของหน้ากระดาษ ให้เว้นขอบล่างเท่าไหร่?,1 นิ้ว (2.54 เซนติเมตร),"บรรทัดสุดท้าย, ขอบล่าง, 1 นิ้ว","เว้นล่าง, ขอบลาง",บทที่ 3 หน้า 18
76,การพิมพ์คำศัพท์เทคนิคภาษาต่างประเทศในวิทยานิพนธ์ภาษาไทยต้องทำอย่างไร?,พิมพ์เป็นภาษาไทยตามด้วยวงเล็บภาษาต่างประเทศ,"คำศัพท์เทคนิค, วงเล็บภาษาอังกฤษ","ทับศัพท์, ศัพท์เทคนิค",บทที่ 3 หน้า 18
77,การลำดับหน้าในส่วนนำเรื่องของวิทยานิพนธ์ภาษาไทยใช้สัญลักษณ์อะไร?,"ก, ข, ค...","ลำดับหน้า, ส่วนนำ, ก ข ค","เลขหน้าส่วนนำ, เลขหน้า",บทที่ 3 หน้า 19
78,การลำดับหน้าในส่วนนำเรื่องของวิทยานิพนธ์ภาษาอังกฤษใช้สัญลักษณ์อะไร?,"เลขโรมันตัวเล็ก i, ii, iii...","ลำดับหน้าอังกฤษ, เลขโรมัน","เลขหน้าอังกฤษ, โรมัน",บทที่ 3 หน้า 19
79,การพิมพ์ลำดับหน้าในส่วนนำเรื่องพิมพ์ไว้ตำแหน่งใด?,กลางหน้ากระดาษด้านล่าง ห่างจากขอบล่าง 0.5 นิ้ว,"ตำแหน่งเลขหน้า, กลางล่าง","ตำแหน่งลำดับหน้า, เลขหน้า",บทที่ 3 หน้า 19
80,การลำดับหน้าในส่วนเนื้อหาและอ้างอิงใช้ตัวเลขแบบใด?,"ตัวเลขอารบิค 1, 2, 3...","ลำดับหน้าเนื้อหา, เลขอารบิค","เลขหน้าเนื้อหา, อารบิก",บทที่ 3 หน้า 19
81,ตำแหน่งของเลขหน้าในส่วนเนื้อหาอยู่ตรงไหน?,ริมขอบขวา ห่างจากขอบบนและขวาด้านละ 1 นิ้ว,"ตำแหน่งเลขหน้า, ขอบขวาบน","เลขหน้ามุมขวา, มุมบนขวา",บทที่ 3 หน้า 19
82,หน้าใดบ้างที่ไม่ต้องใส่เลขหน้ากำกับแต่ให้นับจำนวนหน้ารวมไปด้วย?,หน้าแรกของบทที่ขึ้นบทใหม่ หน้าแรกของบรรณานุกรม และหน้าแรกของภาคผนวก,"ไม่ใส่เลขหน้า, หน้าแรกของบท","ไม่ต้องมีเลขหน้า, หน้าขึ้นบท",บทที่ 3 หน้า 19
83,"การพิมพ์คำว่า ""บทที่"" ต้องพิมพ์ไว้ตำแหน่งใด?",ตรงกลางตอนบนสุดของหน้ากระดาษ,"คำว่าบทที่, ตำแหน่งบทที่","พิมบทที่, บทที่",บทที่ 3 หน้า 19
84,การพิมพ์ชื่อบทวิทยานิพนธ์ภาษาไทยใช้ตัวอักษรขนาดเท่าไหร่?,20 พอยต์ ตัวหนา (Bold),"ชื่อบท, ขนาดฟอนต์, 20 พอยต์","ขนาดชื่อบท, ตัวหนา",บทที่ 3 หน้า 19
85,การพิมพ์ชื่อบทวิทยานิพนธ์ภาษาอังกฤษใช้ตัวอักษรขนาดเท่าไหร่?,14 พอยต์ ตัวหนา (Bold),"ชื่อบทอังกฤษ, 14 พอยต์","ชื่อบทภาษาอังกฤษ, 14 point",บทที่ 3 หน้า 19
86,ตารางประกอบด้วยส่วนใดบ้าง?,เลขที่ของตาราง ชื่อของตาราง ส่วนข้อความและที่มาของตาราง,"ส่วนประกอบตาราง, ตาราง","ตารางมีอะไรบ้าง, ส่วนของตาราง",บทที่ 3 หน้า 20
87,"คำว่า ""ตารางที่"" และเลขที่ตารางใช้ตัวอักษรแบบใด?",ตัวหนา (Bold),"ตารางที่, ตัวหนา","ตัวทึบ, ตาราง",บทที่ 3 หน้า 20
88,การพิมพ์ชื่อตารางต้องเว้นระยะห่างจากเลขที่ตารางเท่าไหร่?,2 เคาะ,"ชื่อตาราง, เว้นระยะ, 2 เคาะ","เว้นวรรคชื่อตาราง, 2 เคาะ",บทที่ 3 หน้า 20
89,ถ้าตารางยาวเกิน 1 หน้าต้องทำอย่างไร?,พิมพ์ส่วนที่เหลือในหน้าถัดไป พร้อมพิมพ์เลขที่ตารางตามด้วยคำว่า (ต่อ),"ตารางยาว, ตารางต่อ","ตารางไม่พอ, ตารางหน้าถัดไป",บทที่ 3 หน้า 21
90,ชื่อหรือคำอธิบายภาพประกอบต้องพิมพ์ไว้ตำแหน่งใด?,ใต้ภาพประกอบกลางหน้ากระดาษ,"ชื่อภาพ, คำอธิบายภาพ, ใต้ภาพ","คำบรรยายภาพ, ใต้รูป",บทที่ 3 หน้า 21
91,การอ้างอิงภาพจากแหล่งอื่นต้องทำอย่างไร?,เขียนอ้างอิงแหล่งที่มาไว้ท้ายชื่อหรือคำอธิบายภาพ,"อ้างอิงภาพ, แหล่งที่มาภาพ","ที่มารูปภาพ, อ้างอิงรูป",บทที่ 3 หน้า 21
92,การพิมพ์สมการต้องมีเลขที่กำกับไว้ตำแหน่งใด?,ชิดขอบด้านขวา พิมพ์ด้วยตัวอักษรธรรมดา,"สมการ, เลขสมการ, ขอบขวา","เลขที่สมการ, สูตร",บทที่ 3 หน้า 21
93,การอ้างอิงในเนื้อหาวิทยานิพนธ์ใช้ระบบใด?,ระบบนาม-ปี,"อ้างอิงเนื้อหา, นาม-ปี","อ้างอิงนามปี, การอ้างอิง",บทที่ 3 หน้า 22
94,การอ้างอิงเอกสารภาษาไทยในเนื้อหาต้องใส่ชื่อสกุลหรือไม่?,ไม่ต้อง ใส่เฉพาะชื่อต้น,"อ้างอิงไทย, นามสกุล, ชื่อต้น","อ้างอิงนามสกุล, ใส่แต่นามสกุล",บทที่ 3 หน้า 22
95,การอ้างอิงเอกสารภาษาต่างประเทศในเนื้อหาต้องใช้ชื่อส่วนใด?,ชื่อสกุลเท่านั้นเป็นภาษาอังกฤษ,"อ้างอิงอังกฤษ, ชื่อสกุล","อ้างอิงฝรั่ง, นามสกุลอังกฤษ",บทที่ 3 หน้า 22
96,การคัดลอกข้อความยาวไม่เกิน 3 บรรทัดต้องทำอย่างไร?,"พิมพ์ต่อไปในเนื้อหาโดยใส่ในเครื่องหมายอัญประกาศ ("" "")","คัดลอกข้อความ, อัญประกาศ","ก๊อปข้อความ, ใส่ฟันหนู",บทที่ 3 หน้า 22
97,การคัดลอกข้อความยาวเกิน 3 บรรทัดต้องทำอย่างไร?,พิมพ์แยกจากเนื้อหา ขึ้นบรรทัดใหม่ ไม่ต้องใส่เครื่องหมายอัญประกาศ,"คัดลอกเกิน 3 บรรทัด, แยกเนื้อหา","ก๊อปข้อความยาว, ไม่ใส่ฟันหนู",บทที่ 3 หน้า 22
98,ถ้าต้องการละข้อความส่วนกลางที่คัดลอกมาต้องทำอย่างไร?,ใส่เครื่องหมายมหัพภาค (.) สามครั้งแทนข้อความที่ละไว้,"ละข้อความ, จุดสามจุด","ตัดข้อความ, ...",บทที่ 3 หน้า 23
99,การอ้างอิงผู้แต่งคนเดียวกันในปีเดียวกันต้องทำอย่างไร?,"ใส่ตัวอักษร ก, ข, ค... กำกับไว้ที่ปีที่พิมพ์","ผู้แต่งคนเดียวกัน, ปีเดียวกัน","แต่งหลายเล่ม, ก ข ค",บทที่ 3 หน้า 24
100,"การพิมพ์คำว่า ""บรรณานุกรม"" ใช้ตัวอักษรขนาดเท่าไหร่?",20 พอยต์ ตัวหนา พิมพ์กลางหน้ากระดาษ,"คำว่าบรรณานุกรม, 20 พอยต์","ขนาดบรรณานุกรม, ตัวหนา",บทที่ 3 หน้า 24
101,การเรียงลำดับบรรณานุกรมภาษาไทยและภาษาอังกฤษทำอย่างไร?,วิทยานิพนธ์ภาษาไทยเรียงภาษาไทยก่อนภาษาอังกฤษ,"เรียงบรรณานุกรม, ภาษาไทยก่อน","เรียงอ้างอิง, เรียงภาษา",บทที่ 3 หน้า 24
102,การพิมพ์บรรณานุกรมบรรทัดที่สองเป็นต้นไปต้องย่อหน้าเท่าไหร่?,1.5 เซนติเมตร (0.59 นิ้ว),"ย่อหน้าบรรณานุกรม, 1.5 ซม","ย่อหน้าอ้างอิง, บรรทัดสอง",บทที่ 3 หน้า 24
103,ถ้าเอกสารมีผู้แต่ง 4 คนขึ้นไป การอ้างอิงในบรรณานุกรมต้องทำอย่างไร?,"ลงชื่อผู้แต่งคนแรก ตามด้วยคำว่า ""และคนอื่นๆ"" หรือ ""และคณะ""","ผู้แต่ง 4 คน, และคณะ","ผู้แต่งหลายคน, และคนอื่นๆ",บทที่ 3 หน้า 25
104,ถ้าเอกสารไม่ปรากฏสำนักพิมพ์หรือสถานที่พิมพ์ให้ระบุคำย่อว่าอะไร?,(ม.ป.ท.) หรือ (n.p.),"ไม่ปรากฏสถานที่พิมพ์, ม.ป.ท.","ไม่มีที่พิมพ์, มปท",บทที่ 3 หน้า 25
105,ถ้าเอกสารไม่ปรากฏปีที่พิมพ์ให้ระบุคำย่อว่าอะไร?,(ม.ป.ป.) หรือ (n.d.),"ไม่ปรากฏปีที่พิมพ์, ม.ป.ป.","ไม่มีปีพิมพ์, มปป",บทที่ 3 หน้า 25
106,การอ้างอิงแบบตัวเลขในเนื้อหาใช้สัญลักษณ์อะไร?,ตัวเลขอารบิคในเครื่องหมายวงเล็บสี่เหลี่ยม [ ],"อ้างอิงตัวเลข, วงเล็บสี่เหลี่ยม","อ้างอิงวงเล็บเหลี่ยม, แบบตัวเลข",บทที่ 3 หน้า 26
107,"คำว่า ""ภาคผนวก"" หรือ ""APPENDIX"" ต้องพิมพ์ตำแหน่งใด?",พิมพ์อยู่กลางหน้ากระดาษ,"คำว่าภาคผนวก, กลางหน้า","ภาคผนวก, พิมพ์ตรงไหน",บทที่ 3 หน้า 64
108,การทำสำเนาวิทยานิพนธ์ฉบับสมบูรณ์ต้องมีลายมือชื่อด้วยหมึกสีอะไร?,หมึกสีดำ,"ลายเซ็น, หมึกสีดำ","เซ็นชื่อ, สีปากกา, หมึกดำ",บทที่ 3 หน้า 64
109,แผ่นซีดีบันทึกข้อมูลวิทยานิพนธ์ต้องเป็นรูปแบบใด?,CD-R 700MB/80MIN ขนาด 12 เซนติเมตร,"ซีดี, แผ่น CD, CD-R","แผ่นซีดีวิทยานิพนธ์, 700MB",ภาคผนวก ข หน้า 127
110,ไฟล์ข้อมูลในซีดีวิทยานิพนธ์ต้องบันทึกเป็นนามสกุลอะไร?,.doc และ .pdf,"นามสกุลไฟล์, .doc, .pdf","ไฟล์ซีดี, เวิร์ด, พีดีเอฟ",ภาคผนวก ข หน้า 127
111,ใบรับรองวิทยานิพนธ์นี่ใช้ปากกาสีน้ำเงินเซ็นได้ป่าวคะ,ต้องใช้ลายมือชื่อจริง เซ็นด้วยหมึกสีดำเท่านั้น,"ใบรับรอง, ปากกา, สีน้ำเงิน, สีหมึก, เซ็นชื่อ","ใบรับรอง, เซ็นชื่อ, ปากกาน้ำเงิน, ปากกาสีน้ำเงิน",บทที่ 2 หน้า 8
112,ถ้ากรรมการสอบมี 3 คน จัดหน้าใบรับรองยังไงอะ,ให้มีช่องลงนามสำหรับประธานกรรมการ 1 ท่าน กรรมการ 2 ท่าน และคณบดีบัณฑิตวิทยาลัย,"กรรมการสอบ, 3 คน, ใบรับรอง, จัดหน้า","กรมการสอบ, กรรการ, ใบรับรอง, จัดหน้า",ภาคผนวก ก หน้า 70
113,คำนำหน้าชื่ออาจารย์ในใบรับรอง ต้องพิมพ์ตัวย่อหรือตัวเต็มคะ (เช่น รศ. หรือ รองศาสตราจารย์),ต้องพิมพ์ตำแหน่งทางวิชาการแบบเต็มครับ เช่น ศาสตราจารย์ รองศาสตราจารย์ ผู้ช่วยศาสตราจารย์,"คำนำหน้าชื่อ, ตำแหน่งทางวิชาการ, ตัวย่อ, ตัวเต็ม, ใบรับรอง","คำนำหน้า, ตำเหน่ง, รศ, ผศ",ภาคผนวก ก หน้า 70
114,ตรงคำว่า 'คำสำคัญ' ในบทคัดย่อภาษาไทย ต้องทำตัวหนาป่าว,"ใช่ครับ คำว่า ""คำสำคัญ"" ให้พิมพ์ด้วยตัวอักษรขนาด 16 พอยต์ ตัวหนา (Bold)","คำสำคัญ, บทคัดย่อ, ตัวหนา, ฟอนต์","คีเวิด, คีเวิร์ด, ตัวหนา, บดคัดย่อ",ภาคผนวก ก หน้า 85
115,บทคัดย่อเขียนยาวๆ ได้ไหมคะ สัก 3 หน้า,บทคัดย่อที่ดีควรมีความกระชับ ชัดเจน และครอบคลุมเนื้อหา ส่วนใหญ่มักไม่เกิน 1-2 หน้า,"บทคัดย่อ, ความยาว, จำนวนหน้า, 3 หน้า","บดคัดย่อ, ยาวๆ, กี่หน้า",บทที่ 2 หน้า 9
116,กิตติกรรมประกาศยาวเกิน 1 หน้าได้ป่าว,ความยาวของกิตติกรรมประกาศไม่ควรเกิน 1 หน้า,"กิตติกรรมประกาศ, ความยาว, 1 หน้า","กิติกร, กิตติกรรม, เกิน 1 หน้า",บทที่ 2 หน้า 9
117,ท้ายกิตติกรรมประกาศ ต้องใส่ นาย/นางสาว หน้าชื่อตัวเองมั้ย,ไม่ต้องระบุคำนำหน้าชื่อ (นาย นาง นางสาว) ครับ ให้พิมพ์แค่ชื่อและนามสกุลผู้วิจัย,"กิตติกรรมประกาศ, คำนำหน้าชื่อ, นาย, นางสาว","กิตติกรรม, ใส่คำนำหน้า, ชื่อตัวเอง",บทที่ 2 หน้า 9
118,หน้าสารบัญถ้ามันยาวไปหน้า 2 ต้องเขียนหัวกระดาษว่าอะไร,"ให้พิมพ์คำว่า ""สารบัญ (ต่อ)"" ไว้กลางหน้ากระดาษของหน้าถัดไป","สารบัญ, หน้า 2, สารบัญต่อ, หัวกระดาษ","สารบัน, หน้าสอง, สารบันต่อ",บทที่ 2 หน้า 9
119,สารบัญตาราง คำว่า 'ตารางที่' กับ 'หน้า' ต้องทำตัวหนาไหมคะ,"ใช่ครับ คำว่า ""ตารางที่"" และ ""หน้า"" ให้พิมพ์ด้วยตัวอักษรตัวหนา (Bold)","สารบัญตาราง, ตารางที่, หน้า, ตัวหนา","สารบันตาราง, ตัวหนา, ตัวทึบ",ภาคผนวก ก หน้า 98
120,ถ้าตารางเดียวแต่มันยาวล้นไปอีกหน้า ต้องทำไงอะ,ให้พิมพ์เลขที่ตารางตามด้วยคำว่า (ต่อ) เช่น ตารางที่ 1-1 (ต่อ) โดยไม่ต้องใส่ชื่อตารางซ้ำ,"ตารางยาว, ล้นหน้า, ตารางต่อ","ตารางยาว, ตารางล้น, ตารางต่อ",บทที่ 3 หน้า 21
121,ชื่อตารางต้องพิมพ์ไว้ตรงไหน บนหรือล่างตาราง,ชื่อตารางต้องพิมพ์ไว้ด้านบนของตาราง โดยเว้นระยะห่างจากเลขที่ตาราง 2 เคาะ,"ชื่อตาราง, ตำแหน่งชื่อตาราง, ด้านบน","ชื่อตาราง, ไว้ตรงไหน, บนหรือล่าง",บทที่ 3 หน้า 20
122,แล้วชื่อรูปภาพประกอบล่ะคะ ไว้บนหรือล่างรูป,ชื่อภาพหรือคำอธิบายภาพ ต้องพิมพ์กำกับไว้ใต้ภาพประกอบ ตรงกลางหน้ากระดาษ,"ชื่อภาพ, คำอธิบายภาพ, ใต้ภาพ, ด้านล่าง","ชื่อรูป, รูปภาพ, ใต้รูป, ล่างรูป",บทที่ 3 หน้า 21
123,หน้าประวัติผู้วิจัยต้องใส่ข้อมูลอะไรลงไปบ้าง,ใส่ประวัติการศึกษา ประวัติการทำงาน (ถ้ามี) และสถานที่ติดต่อปัจจุบัน,"ประวัติผู้วิจัย, ข้อมูลประวัติ, การศึกษา, การทำงาน","ประวัติ, ใส่ข้อมูลอะไร, ประวัติคนทำ",บทที่ 2 หน้า 15
124,คำว่า 'ประวัติผู้วิจัย' ใช้ฟอนต์ไซส์เท่าไหร่คะ,ใช้ฟอนต์ขนาด 16 พอยต์ ตัวหนา (Bold) พิมพ์ไว้กลางหน้ากระดาษ,"ประวัติผู้วิจัย, ขนาดฟอนต์, 16 พอยต์, ตัวหนา","ประวัติ, ฟ้อน, ขนาดฟ้อน",บทที่ 2 หน้า 15
125,เลขสมการต้องใส่วงเล็บป่าว แล้ววางไว้ตรงไหนของบรรทัด,ต้องใส่วงเล็บกำกับ เช่น (1-1) และพิมพ์ชิดขอบกระดาษด้านขวา,"เลขสมการ, วงเล็บ, ตำแหน่งสมการ, ขอบขวา","สมการ, ใส่วงเล็บ, ไว้ตรงไหน",บทที่ 3 หน้า 21
126,บรรณานุกรมภาษาไทยกับอังกฤษ อันไหนต้องเอาขึ้นก่อนกัน,ถ้าวิทยานิพนธ์เขียนเป็นภาษาไทย ให้เรียงบรรณานุกรมภาษาไทยขึ้นก่อนภาษาอังกฤษ,"บรรณานุกรม, เรียงลำดับ, ภาษาไทย, ภาษาอังกฤษ","บรรณานุกม, บันนานุกรม, เรียงยังไง, อันไหนก่อน",บทที่ 3 หน้า 24
127,บรรณานุกรมบรรทัดที่ 2 ต้องเคาะย่อหน้าเข้าไปกี่เซน,บรรทัดที่ 2 เป็นต้นไป ต้องย่อหน้าเว้นระยะ 1.5 เซนติเมตร (0.59 นิ้ว) ,"บรรณานุกรม, ย่อหน้า, บรรทัดที่ 2, 1.5 เซนติเมตร","ย่อหน้า, บรรณานุกรม, กี่เซน",บทที่ 3 หน้า 24
128,ถ้าคนแต่งหนังสือมี 2 คน ในบรรณานุกรมต้องเชื่อมด้วยคำว่าอะไร,"ใช้คำว่า ""และ"" (หรือ ""and"" สำหรับภาษาอังกฤษ) ก่อนชื่อคนสุดท้าย","ผู้แต่ง 2 คน, บรรณานุกรม, และ, and","แต่ง 2 คน, คนแต่งสองคน, เชื่อมคำ",บทที่ 3 หน้า 25
129,ถ้าหนังสือมีคนแต่ง 4 คนขึ้นไป ต้องพิมพ์ชื่อทุกคนในบรรณานุกรมเลยป่าว,"ไม่ต้องครับ ให้ลงชื่อคนแรกแล้วตามด้วยคำว่า ""และคนอื่นๆ"" หรือ ""และคณะ"" (ภาษาอังกฤษใช้ et al.)","ผู้แต่ง 4 คน, และคณะ, และคนอื่นๆ, et al.","แต่งหลายคน, คนแต่ง 4 คน, ใส่ชื่อทุกคนไหม",บทที่ 3 หน้า 25
130,หนังสือที่ไม่บอกปีที่พิมพ์ เอามาเขียนอ้างอิงยังไงคะ,ให้ระบุว่า (ม.ป.ป.) สำหรับภาษาไทย หรือ (n.d.) สำหรับภาษาอังกฤษ,"ไม่ปรากฏปีที่พิมพ์, ม.ป.ป., n.d., บรรณานุกรม","ไม่มีปีพิมพ์, ไม่บอกปี, มปป",บทที่ 3 หน้า 25
131,แล้วถ้าหนังสือไม่บอกสถานที่พิมพ์ล่ะ เขียนบรรณานุกรมยังไง,ให้ระบุว่า (ม.ป.ท.) สำหรับภาษาไทย หรือ (n.p.) สำหรับภาษาอังกฤษ,"ไม่ปรากฏสถานที่พิมพ์, ม.ป.ท., n.p., บรรณานุกรม","ไม่มีที่พิมพ์, ไม่บอกที่พิมพ์, มปท",บทที่ 3 หน้า 25
132,อ้างอิงเว็บ ต้องใส่วันที่เข้าไปดูข้อมูลด้วยไหม,ต้องใส่ครับ โดยพิมพ์ว่า [สืบค้นวันที่ ...] หรือ [cited ...],"อ้างอิงเว็บ, เว็บไซต์, วันที่สืบค้น, cited","อ้างอิงเวบ, อ้างอิงเว็ป, ใส่วันที่ไหม",บทที่ 3 หน้า 40
133,ชื่อหนังสือในบรรณานุกรม ต้องทำตัวหนาหรือขีดเส้นใต้ป่าว,ต้องเน้นข้อความครับ โดยเลือกใช้ตัวหนา (Bold) หรือขีดเส้นใต้ หรือตัวเอน อย่างใดอย่างหนึ่งให้เหมือนกันทั้งเล่ม,"ชื่อหนังสือ, บรรณานุกรม, ตัวหนา, ขีดเส้นใต้, ตัวเอน","ชื่อหนังสือ, ตัวทึบ, ขีดเส้นใต้ไหม",บทที่ 3 หน้า 25
134,อ้างอิงหนังสือแปล เอาชื่อคนแต่งหรือคนแปลขึ้นก่อนคะ,ให้ขึ้นต้นด้วยชื่อผู้แต่งดั้งเดิม แล้วค่อยระบุชื่อผู้แปลไว้หลังชื่อหนังสือ,"หนังสือแปล, อ้างอิงหนังสือแปล, ชื่อผู้แต่งดั้งเดิม, ชื่อผู้แปล","หนังสือแปล, ใครขึ้นก่อน, อ้างอิงแปล",บทที่ 3 หน้า 33
135,อ้างอิงบทความจากวารสาร ต้องใส่เลขหน้าด้วยไหม,ต้องใส่เลขหน้าของบทความนั้นด้วยครับ โดยใส่ไว้หลังเครื่องหมายทวิภาค (:),"บทความวารสาร, เลขหน้า, อ้างอิงวารสาร","อ้างอิงวารสาร, ใส่เลขหน้าไหม, บทความ",บทที่ 3 หน้า 36
136,ไฟล์บทคัดย่อในซีดี ต้องตั้งชื่อไฟล์ว่าอะไรอะ,ให้ตั้งชื่อไฟล์ว่า 02_abs.doc,"ชื่อไฟล์, บทคัดย่อ, แผ่นซีดี, 02_abs.doc","เซฟไฟล์, ชื่อไฟล, บดคัดย่อ, ซีดี",ภาคผนวก ข หน้า 127
137,ไฟล์บทที่ 1-5 ในแผ่นซีดี ตั้งชื่อไฟล์ยังไงคะ,ตั้งชื่อว่า 05_ch1.doc จนถึง 05_ch5.doc ตามลำดับบทเลย,"ชื่อไฟล์, บทที่ 1, บทที่ 5, แผ่นซีดี, 05_ch","เซฟไฟล์, ชื่อไฟล, บทที่, ซีดี",ภาคผนวก ข หน้า 127
138,ไฟล์บรรณานุกรมในซีดี ต้องใช้ชื่อไฟล์ว่าอะไร,ใช้ชื่อไฟล์ว่า 06_ref.doc ,"ชื่อไฟล์, บรรณานุกรม, แผ่นซีดี, 06_ref.doc","เซฟไฟล์, ชื่อไฟล, บันนานุกรม, ซีดี",ภาคผนวก ข หน้า 127
139,แผ่นซีดีวิทยานิพนธ์ ต้องใช้แผ่นแบบไหนความจุกี่กิ๊ก,ใช้แผ่น CD-R ความจุ 700MB/80MIN ขนาด 12 เซนติเมตร,"แผ่นซีดี, CD-R, ความจุ, 700MB","แผ่น CD, ซีดี, กี่กิ๊ก, ความจุ",ภาคผนวก ข หน้า 127
140,หน้าปกซีดีต้องพิมพ์ข้อมูลอะไรลงไปบ้างคะ,ต้องพิมพ์ชื่อนักศึกษา รหัสประจำตัว ชื่อวิทยานิพนธ์ ชื่อปริญญา สาขาวิชา และปีการศึกษาที่สำเร็จ,"ปกซีดี, ข้อมูลปกซีดี, หน้าปก CD","ปก CD, ปกซีดี, พิมพ์อะไรบ้าง",ภาคผนวก ข หน้า 127
141,"เว้นวรรคหลังลูกน้ำ (,) ต้องเคาะสเปซบาร์กี่ที",ให้เว้นวรรค 1 เคาะ,"เว้นวรรค, จุลภาค, ลูกน้ำ, 1 เคาะ","เคาะสเปซบาร์, ลูกน้ำ, จุลภาค",บทที่ 3 หน้า 25
142,หลังจุด (.) ตอนจบบรรณานุกรม ต้องเคาะกี่ครั้งคะ,ให้เว้น 2 เคาะครับ ยกเว้นถ้าเป็นชื่อย่อผู้แต่งภาษาอังกฤษให้เว้นแค่ 1 เคาะ,"เว้นวรรค, มหัพภาค, จุด, 2 เคาะ","เคาะสเปซบาร์, จุด, จบประโยค",บทที่ 3 หน้า 25
143,คำว่า 'พิมพ์ครั้งที่ 2' ในอ้างอิงภาษาอังกฤษ ย่อยังไง,ใช้คำย่อว่า 2nd ed. ,"พิมพ์ครั้งที่ 2, อ้างอิงภาษาอังกฤษ, คำย่อ, 2nd ed.","พิมพ์ครั้งที่, อ้างอิงอังกฤษ, ตัวย่อ",บทที่ 3 หน้า 25
144,คำว่า 'บรรณาธิการ' ในบรรณานุกรมอังกฤษ ใช้คำย่อว่าอะไร,ใช้คำย่อว่า ed. (ถ้าบรรณาธิการหลายคนใช้ eds.),"บรรณาธิการ, บรรณานุกรมอังกฤษ, คำย่อ, ed., eds.","บก., ตัวย่อบรรณาธิการ, อ้างอิงอังกฤษ",บทที่ 3 หน้า 25
145,อ้างอิงราชกิจจานุเบกษา ต้องใส่เล่มกับตอนที่ด้วยป่าว,ต้องใส่ครับ รูปแบบคือ เล่ม ตอนที่ วัน เดือน ปีที่ประกาศใช้ : เลขหน้า,"ราชกิจจานุเบกษา, เล่ม, ตอนที่, อ้างอิง","ราชกิจจา, เล่มที่, ตอนที่",บทที่ 3 หน้า 34
146,อ้างอิงวิทยานิพนธ์คนอื่น ต้องบอกไหมว่าเป็น ป.โท หรือ ป.เอก,ต้องระบุระดับปริญญาครับ เช่น วิทยานิพนธ์วิศวกรรมศาสตรมหาบัณฑิต หรือ ปริญญานิพนธ์การศึกษาดุษฎีบัณฑิต,"อ้างอิงวิทยานิพนธ์, ระดับปริญญา, ระดับวิทยานิพนธ์","อ้างอิงวิจัย, ป.โท, ป.เอก, บอกระดับไหม",บทที่ 3 หน้า 34
147,ถ้าเอาข้อมูลมาจากการสัมภาษณ์ เขียนอ้างอิงยังไงคะ,"ให้ระบุชื่อผู้ให้สัมภาษณ์ ตำแหน่ง (ถ้ามี) คำว่า ""สัมภาษณ์"" และ วัน เดือน ปีที่สัมภาษณ์","อ้างอิงสัมภาษณ์, การสัมภาษณ์, วันที่สัมภาษณ์","อ้างอิงสัมภาษ, เขียนสัมภาษณ์",บทที่ 3 หน้า 36
148,อ้างอิงข่าวจากหนังสือพิมพ์ ต้องใส่เลขหน้าด้วยป่าว,ต้องใส่เลขหน้าของหนังสือพิมพ์ที่ตีพิมพ์ข่าวหรือบทความนั้นด้วย,"อ้างอิงหนังสือพิมพ์, ข่าว, เลขหน้า","อ้างอิงข่าว, นสพ, ใส่หน้าไหม",บทที่ 3 หน้า 37
149,ถ้าจะอ้างอิงสิทธิบัตร ต้องใส่เลขสิทธิบัตรไหม,ต้องใส่เลขที่สิทธิบัตร และ วัน เดือน ปีที่ได้รับการจดสิทธิบัตรด้วย,"อ้างอิงสิทธิบัตร, เลขที่สิทธิบัตร, Patent","สิทธิบัตร, อ้างอิงยังไง, ใส่เลขไหม",บทที่ 3 หน้า 42
150,อ้างอิงแผนที่ ต้องบอกมาตราส่วนด้วยไหมคะ,"ต้องระบุมาตราส่วนของแผนที่ด้วยครับ เช่น มาตราส่วน 1 : 50,000","อ้างอิงแผนที่, มาตราส่วน","แผนที่, มาตราส่วน, อ้างอิง",บทที่ 3 หน้า 43
151,ยศตำรวจ ทหาร เช่น พล.ต.อ. ต้องใส่ในบรรณานุกรมไหม,ไม่ต้องระบุยศ ตำแหน่ง หรือคำนำหน้าชื่อครับ ให้เขียนชื่อและนามสกุลได้เลย,"คำนำหน้าชื่อ, ยศ, บรรณานุกรม, ตำแหน่ง","ใส่ยศไหม, คำนำหน้า, พล.ต.อ.",บทที่ 3 หน้า 31
152,ถ้าผู้แต่งเป็นพระ มีสมณศักดิ์ เขียนบรรณานุกรมยังไง,"ให้ใส่สมณศักดิ์ไว้ข้างหลังชื่อ โดยคั่นด้วยเครื่องหมายจุลภาค (,) ","ผู้แต่งเป็นพระ, สมณศักดิ์, บรรณานุกรม","พระสงฆ์, สมณศักดิ์, เขียนยังไง",บทที่ 3 หน้า 30
153,ใช้นามแฝงนักเขียนในบรรณานุกรมได้ไหมคะ,ใช้ได้ครับ โดยเขียนนามแฝงลงไปได้เลยโดยไม่ต้องตัดคำนำหน้าออก เช่น ว.วินิจฉัยกุล,"นามแฝง, นามปากกา, บรรณานุกรม","นามแฝง, นามปากกา, อ้างอิง",บทที่ 3 หน้า 31
154,อ้างอิงบทความจากสารานุกรม ต้องบอกไหมว่าอยู่เล่มที่เท่าไหร่,ต้องระบุเล่มที่ และเลขหน้าของบทความในสารานุกรมนั้นด้วย,"อ้างอิงสารานุกรม, เล่มที่, เลขหน้า","สารานุกรม, อ้างอิงยังไง, ใส่เล่มไหม",บทที่ 3 หน้า 37
155,อ้างอิงเอกสารงานประชุมวิชาการ ต้องมีชื่อบรรณาธิการไหม,ถ้าเอกสารนั้นมีชื่อบรรณาธิการหรือผู้รวบรวม ให้ระบุลงไปด้วย,"งานประชุมวิชาการ, Proceedings, บรรณาธิการ","ประชุมวิชาการ, อ้างอิงงานประชุม, ใส่ชื่อ บก ไหม",บทที่ 3 หน้า 38
156,อ้างอิง มอก. ต้องระบุเลขที่ มอก. ป่าว,ต้องระบุชื่อมาตรฐาน และเลขที่ มอก. พร้อมปีที่ออกประกาศ,"อ้างอิง มอก., มาตรฐานผลิตภัณฑ์อุตสาหกรรม, เลขที่ มอก.","อ้างอิง มอก, มาตรฐานอุตสาหกรรม, ใส่เลขไหม",บทที่ 3 หน้า 45
157,อ้างอิงแบบตัวเลข [1] ถ้าอ้างซ้ำเล่มเดิม ต้องรันเลขใหม่ไหม,ไม่ต้องรันใหม่ครับ ในกรณีที่มีการอ้างอิงซ้ำ ให้ใช้ตัวเลขเดิมที่เคยใช้อ้างอิงมาก่อนแล้วได้เลย,"อ้างอิงแบบตัวเลข, อ้างอิงซ้ำ, ตัวเลขเดิม","อ้างอิงซ้ำ, รันเลขใหม่, แบบตัวเลข",บทที่ 3 หน้า 26
158,อ้างอิงแบบตัวเลข ต้องเรียงเลขยังไง,ตัวเลขจะต้องเรียงลำดับตั้งแต่เลข 1 เป็นต้นไปจนจบเล่ม ตามลำดับการอ้างอิงในเนื้อหา,"อ้างอิงแบบตัวเลข, การเรียงลำดับ, ตัวเลข","เรียงเลขยังไง, แบบตัวเลข, รันเลข",บทที่ 3 หน้า 26
159,อ้างอิงแบบนาม-ปี ถ้ามีชื่อคนแต่งในประโยคแล้ว ในวงเล็บต้องใส่อะไร,ให้ระบุเฉพาะปีที่พิมพ์และเลขหน้าที่อ้างอิง (ถ้ามี) ไว้ในวงเล็บ,"อ้างอิงแบบนาม-ปี, ชื่อผู้แต่งในประโยค, ปีที่พิมพ์, เลขหน้า","อ้างอิงนามปี, ใส่อะไรในวงเล็บ, มีชื่อแล้ว",บทที่ 3 หน้า 23
160,ผู้แต่ง 2 คน ในเนื้อหาอิงลิช ใช้ and หรือ & คะ,"ให้ใช้คำว่า ""and"" ในการเชื่อมชื่อผู้แต่ง","ผู้แต่ง 2 คน, อ้างอิงภาษาอังกฤษ, and, &","อิงลิช, ผู้แต่งสองคน, ใช้ and หรือ &",บทที่ 3 หน้า 28
161,ส่งไฟล์วิทยานิพนธ์ลงแผ่นซีดี ต้องเซฟเป็นไฟล์นามสกุลอะไรบ้างคะ,ต้องบันทึกข้อมูลเป็นไฟล์ .doc และ .pdf ,"ไฟล์วิทยานิพนธ์, แผ่นซีดี, นามสกุลไฟล์, .doc, .pdf","ไฟล์งาน, แผ่น CD, เซฟไฟล์",ภาคผนวก ข หน้า 127
162,ไฟล์หน้าปกวิทยานิพนธ์ต้องตั้งชื่อไฟล์ว่าอะไร,ตั้งชื่อไฟล์ว่า 01_cov.doc ,"ชื่อไฟล์, ปกวิทยานิพนธ์, 01_cov.doc","ไฟล์ปก, ตั้งชื่อไฟล์, หน้าปก",ภาคผนวก ข หน้า 127
163,ไฟล์บทคัดย่อต้องตั้งชื่อไฟล์ว่าอะไรคะ,ทั้งบทคัดย่อภาษาไทยและภาษาอังกฤษ ให้อยู่ในไฟล์เดียวกัน ตั้งชื่อว่า 02_abs.doc ,"ชื่อไฟล์, บทคัดย่อ, 02_abs.doc","ไฟล์บทคัดย่อ, ตั้งชื่อไฟล์",ภาคผนวก ข หน้า 127
164,ไฟล์กิตติกรรมประกาศต้องตั้งชื่อไฟล์ว่ายังไง,ตั้งชื่อไฟล์ว่า 03_ack.doc ,"ชื่อไฟล์, กิตติกรรมประกาศ, 03_ack.doc","ไฟล์กิตติกรรม, ตั้งชื่อไฟล์",ภาคผนวก ข หน้า 127
165,ไฟล์สารบัญ สารบัญตาราง สารบัญภาพ ต้องแยกไฟล์ไหม ตั้งชื่อว่าอะไร,ให้อยู่ในไฟล์เดียวกันทั้งหมด และตั้งชื่อไฟล์ว่า 04_tbc.doc ,"ชื่อไฟล์, สารบัญ, สารบัญตาราง, สารบัญภาพ, 04_tbc.doc","ไฟล์สารบัญ, สารบัญรูป, ตั้งชื่อไฟล์",ภาคผนวก ข หน้า 127
166,ไฟล์เนื้อหาบทที่ 1 ถึงบทที่ 5 ต้องตั้งชื่อไฟล์ยังไง,"ตั้งชื่อไฟล์ตามบทครับ เช่น บทที่ 1 คือ 05_ch1.doc, บทที่ 2 คือ 05_ch2.doc เรียงไปเรื่อยๆ ","ชื่อไฟล์, เนื้อหา, บทที่ 1, บทที่ 5, 05_ch1.doc","ไฟล์บทที่, ตั้งชื่อไฟล์, เนื้อหางานวิจัย",ภาคผนวก ข หน้า 127
167,ไฟล์บรรณานุกรมหรือเอกสารอ้างอิง ตั้งชื่อไฟล์ว่าอะไร,ตั้งชื่อไฟล์ว่า 06_ref.doc,"ชื่อไฟล์, บรรณานุกรม, เอกสารอ้างอิง, 06_ref.doc","ไฟล์อ้างอิง, ตั้งชื่อไฟล์, บันนานุกรม",ภาคผนวก ข หน้า 127
168,ไฟล์ภาคผนวกตั้งชื่อไฟล์ว่าอะไรคะ,"ตั้งชื่อตามจำนวนภาคผนวกครับ เช่น ภาคผนวก ก คือ 07_app1.doc, ภาคผนวก ข คือ 07_app2.doc ","ชื่อไฟล์, ภาคผนวก, 07_app1.doc","ไฟล์ภาคผนวก, ตั้งชื่อไฟล์",ภาคผนวก ข หน้า 127
169,ไฟล์ประวัติผู้วิจัย ตั้งชื่อไฟล์ว่ายังไง,ตั้งชื่อไฟล์ว่า 08_bio.doc ,"ชื่อไฟล์, ประวัติผู้วิจัย, 08_bio.doc","ไฟล์ประวัติ, ตั้งชื่อไฟล์, ประวัติคนทำ",ภาคผนวก ข หน้า 127
170,หน้าปกกล่องซีดีวิทยานิพนธ์ต้องเขียนรายละเอียดอะไรบ้าง,ต้องระบุ ชื่อนักศึกษา รหัสประจำตัว ชื่อวิทยานิพนธ์ ชื่อปริญญา สาขาวิชา และปีการศึกษาที่สำเร็จการศึกษา,"หน้าปกซีดี, กล่องซีดี, รายละเอียดปกซีดี","ปก CD, หน้าปกแผ่น, ข้อมูลหน้าปก",ภาคผนวก ข หน้า 127
171,แผ่นซีดีที่ใช้ส่งวิทยานิพนธ์ต้องเป็นแผ่นแบบไหน ความจุเท่าไหร่,ใช้แผ่นซีดีแบบ CD-R 700MB/80MIN ขนาด 12 เซนติเมตร,"แผ่นซีดี, CD-R, ความจุซีดี, ขนาดซีดี","แผ่น CD, ซีดีอาร์, ซีดีเปล่า",ภาคผนวก ข หน้า 127
172,พิมพ์ชื่อกับนามสกุล ต้องเว้นวรรคกี่เคาะคะ,ให้เว้นวรรคเล็ก คือเว้นระยะห่าง 1 เคาะ,"เว้นวรรค, ชื่อสกุล, 1 เคาะ, เว้นวรรคเล็ก","เว้นเคาะ, เคาะสเปซบาร์, พิมพ์ชื่อ",บทที่ 3 หน้า 17
173,หลังเครื่องหมายไปยาลใหญ่ (ฯลฯ) ต้องเว้นวรรคไหม,ต้องเว้นวรรคเล็ก (1 เคาะ) ทั้งหน้าและหลังเครื่องหมายไปยาลใหญ่,"เว้นวรรค, ไปยาลใหญ่, ฯลฯ, 1 เคาะ","เครื่องหมาย ฯลฯ, เว้นหน้าหลัง",บทที่ 3 หน้า 17
174,จบประโยคแล้ว ต้องเว้นวรรคกี่เคาะ,ให้เว้นวรรคใหญ่ คือเว้นระยะห่าง 2 เคาะ,"เว้นวรรค, จบประโยค, 2 เคาะ, เว้นวรรคใหญ่","เว้นเคาะ, จบพารากราฟ, เคาะสองที",บทที่ 3 หน้า 17
175,คำนำหน้าชื่อที่เป็นยศ เช่น พลเรือเอก ต้องเว้นวรรคก่อนพิมพ์ชื่อไหม,ต้องเว้นวรรคเล็ก (1 เคาะ) ระหว่างยศกับชื่อครับ เช่น พลเรือเอก สงัด,"เว้นวรรค, ยศ, คำนำหน้าชื่อ, 1 เคาะ","เว้นเคาะ, พิมพ์ยศ, ใส่ยศ",บทที่ 3 หน้า 17
176,คำนำหน้าชื่อทั่วไป เช่น นาย นาง นางสาว ต้องเว้นวรรคก่อนชื่อไหม,ไม่ต้องเว้นวรรคครับ ให้พิมพ์ติดกับชื่อได้เลย เช่น นายสมศักดิ์,"เว้นวรรค, คำนำหน้าชื่อ, นาย, นาง, นางสาว","เว้นเคาะ, พิมพ์นาย, พิมพ์นางสาว",บทที่ 3 หน้า 17
177,"พิมพ์หัวตาราง คำว่า ""ตารางที่"" ต้องใช้ฟอนต์แบบไหนคะ",ให้พิมพ์ตัวอักษรตัวหนา (Bold) คำว่าตารางที่และเลขที่ตารางครับ เช่น ตารางที่ 1-1,"ตารางที่, ตัวหนา, ฟอนต์ตาราง, Bold","หัวตาราง, คำว่าตาราง, ตัวทึบ",บทที่ 3 หน้า 20
178,ถ้าชื่อตารางยาวเกิน 1 บรรทัด บรรทัดที่สองต้องพิมพ์ยังไง,ให้พิมพ์ตัวอักษรตัวแรกของบรรทัดถัดไปให้ตรงกับตัวอักษรตัวแรกของชื่อตารางครับ (เว้น 2 เคาะจากเลขตาราง),"ชื่อตารางยาว, บรรทัดที่สอง, การจัดรูปแบบตาราง","ตารางยาว, ชื่อตารางสองบรรทัด, พิมพ์ชื่อตาราง",บทที่ 3 หน้า 20
179,ถ้าตารางมีขนาดใหญ่มากจนล้นหน้ากระดาษ ทำยังไงได้บ้าง,ควรย่อขนาดลงโดยใช้เครื่องถ่ายเอกสารหรือวิธีอื่น แต่ต้องชัดเจนและอ่านได้ง่าย,"ตารางขนาดใหญ่, ย่อขนาดตาราง, ตารางล้นหน้า","ตารางใหญ่ไป, ย่อตาราง, ตารางตกขอบ",บทที่ 3 หน้า 20-21
180,ตารางยาวจนต้องขึ้นหน้าใหม่ ต้องพิมพ์หัวตารางยังไงคะ,ให้พิมพ์เลขที่ตารางแล้วตามด้วยคำว่า (ต่อ) ในวงเล็บ เช่น ตารางที่ 1-1 (ต่อ) โดยไม่ต้องใส่ชื่อตารางครับ แต่ต้องคัดลอกหัวตารางมาด้วย,"ตารางขึ้นหน้าใหม่, ตารางต่อ, ตารางที่ (ต่อ)","ตารางยาว, ต่อตารางหน้าใหม่, หัวตาราง",บทที่ 3 หน้า 21
181,คำอธิบายภาพประกอบ ต้องพิมพ์ไว้ตรงไหน,ให้พิมพ์เลขที่ภาพและชื่อภาพกำกับไว้ใต้ภาพประกอบ ตรงกลางหน้ากระดาษ,"คำอธิบายภาพ, ชื่อภาพ, ตำแหน่งชื่อภาพ, ใต้ภาพ","ชื่อรูป, คำอธิบายรูป, ใส่ชื่อรูปตรงไหน",บทที่ 3 หน้า 21
182,ภาพประกอบในเล่มเป็นสี พิมพ์ขาวดำส่งได้ไหมคะ,ไม่ได้ครับ ภาพประกอบที่เป็นภาพสี จะต้องพิมพ์เป็นภาพสีลงบนกระดาษขาวให้ชัดเจน,"ภาพประกอบ, ภาพสี, พิมพ์สี, รูปภาพ","ปริ้นสี, ปริ้นขาวดำ, รูปสี",บทที่ 3 หน้า 21
183,เอารูปถ่ายมาติดกาวในเล่มวิทยานิพนธ์ได้ไหม,ไม่ได้ครับ ห้ามใช้วิธีการติดภาพด้วยกาวหรือวัสดุอื่น จะต้องพิมพ์เป็นภาพลงบนกระดาษให้ชัดเจน,"ติดรูปภาพ, ติดกาว, พิมพ์ภาพ, รูปถ่าย","แปะรูป, ติดรูป, เอารูปมาแปะ",บทที่ 3 หน้า 21
184,พิมพ์สมการคณิตศาสตร์ ต้องใส่เลขสมการไว้ตรงไหนคะ,ให้พิมพ์เลขสมการด้วยตัวอักษรธรรมดา ชิดขอบกระดาษด้านขวา และใส่วงเล็บ เช่น (1-1) ,"สมการ, เลขสมการ, ตำแหน่งเลขสมการ, ชิดขวา","สูตรเลข, เลขสูตร, ใส่เลขสมการ",บทที่ 3 หน้า 21
185,ถ้าคัดลอกข้อความมาอ้างอิงสั้นๆ ไม่เกิน 3 บรรทัด พิมพ์ยังไง,"ให้พิมพ์ต่อไปในเนื้อหาได้เลยโดยไม่ต้องขึ้นบรรทัดใหม่ แต่ต้องใส่ไว้ในเครื่องหมายอัญประกาศ ("" "") ","คัดลอกข้อความ, อ้างอิงตรง, อัญประกาศ, ไม่เกิน 3 บรรทัด","ก๊อปข้อความ, ใส่ฟันหนู, ยกข้อความมา",บทที่ 3 หน้า 22
186,ถ้าคัดลอกข้อความมายาวเกิน 3 บรรทัด ต้องจัดหน้ายังไง,"ให้ขึ้นบรรทัดใหม่ พิมพ์แยกจากเนื้อหาโดยย่อหน้าเข้ามาให้เสมอกัน และไม่ต้องใส่เครื่องหมายอัญประกาศ ("" "") ","คัดลอกข้อความยาว, อ้างอิงเกิน 3 บรรทัด, ย่อหน้า","ก๊อปมายาว, ยกข้อความยาว, จัดหน้าข้อความ",บทที่ 3 หน้า 22
187,ถ้าตัดข้อความที่คัดลอกมาบางส่วนทิ้งไป ต้องใช้เครื่องหมายอะไรแทน,ให้ใช้เครื่องหมายจุด 3 จุด (...) แทนข้อความที่ละไว้,"ละข้อความ, ตัดข้อความ, จุด 3 จุด, เครื่องหมายละ","ตัดคำ, ตัดประโยค, ใส่จุดๆๆ",บทที่ 3 หน้า 23
188,อ้างอิงแบบนาม-ปี ถ้าผู้แต่งเป็นคนไทย ต้องใส่นามสกุลในวงเล็บไหม,ไม่ต้องครับ เอกสารอ้างอิงภาษาไทย ให้ขึ้นต้นด้วยชื่อต้นเท่านั้น โดยไม่ต้องใส่ชื่อสกุล,"อ้างอิงนาม-ปี, ผู้แต่งคนไทย, ชื่อต้น, นามสกุล","อ้างอิงชื่อคนไทย, ใส่นามสกุลไหม, นามปี",บทที่ 3 หน้า 22
189,อ้างอิงแบบนาม-ปี ผู้แต่งต่างชาติ ต้องใส่ชื่อต้นเขาไหมคะ,ไม่ต้องครับ เอกสารอ้างอิงภาษาต่างประเทศ ให้ระบุเฉพาะชื่อสกุล (นามสกุล) เท่านั้น,"อ้างอิงนาม-ปี, ผู้แต่งต่างชาติ, นามสกุลต่างชาติ","อ้างอิงฝรั่ง, ชื่อฝรั่ง, ใส่นามสกุลฝรั่ง",บทที่ 3 หน้า 22
190,ถ้าอ้างอิงงานของผู้แต่งคนเดียวกัน ที่ตีพิมพ์ในปีเดียวกันหลายเล่ม ทำยังไง,"ให้ใส่ตัวอักษร ก, ข, ค กำกับไว้ที่ปีที่พิมพ์ (สำหรับภาษาไทย) หรือ a, b, c (สำหรับภาษาอังกฤษ) ครับ เช่น (ศักดิ์, 2512 ก)","อ้างอิงผู้แต่งคนเดียวกัน, ปีเดียวกัน, ก ข ค, a b c","อ้างซ้ำปีเดียวกัน, คนแต่งคนเดิม, ปีซ้ำกัน",บทที่ 3 หน้า 24
191,"คำว่า ""บรรณานุกรม"" กลางหน้ากระดาษ ใช้ฟอนต์ขนาดเท่าไหร่คะ",ใช้ฟอนต์ขนาด 20 พอยต์ ตัวหนา (Bold) ,"บรรณานุกรม, ขนาดฟอนต์, 20 พอยต์, ตัวหนา","บันนานุกรม, ขนาดตัวอักษร, หัวข้อบรรณานุกรม",บทที่ 3 หน้า 24
192,การพิมพ์บรรณานุกรม บรรทัดที่ 2 ของแต่ละรายการ ต้องย่อหน้าเท่าไหร่,ให้ย่อหน้าเว้นระยะเข้ามา 1.5 เซนติเมตร (0.59 นิ้ว) ,"บรรณานุกรม, ย่อหน้าบรรณานุกรม, 1.5 เซนติเมตร","บันนานุกรม, ย่อหน้าบรรทัดสอง, เคาะย่อหน้า",บทที่ 3 หน้า 24
193,เขียนบรรณานุกรม ผู้แต่งชาวต่างชาติ ต้องเรียงชื่อยังไง,"ให้พิมพ์ชื่อสกุล (นามสกุล) ขึ้นก่อน ตามด้วยเครื่องหมายจุลภาค (,) แล้วตามด้วยชื่อต้นและชื่อกลาง (ถ้ามี) ","บรรณานุกรม, ผู้แต่งต่างชาติ, ชื่อสกุล, นามสกุลขึ้นก่อน","ชื่อฝรั่ง, เขียนชื่อฝรั่ง, เรียงชื่อฝรั่ง",บทที่ 3 หน้า 24
194,เขียนบรรณานุกรม ผู้แต่งคนไทย ต้องเอานามสกุลขึ้นก่อนไหม,ไม่ต้องครับ ให้พิมพ์ชื่อต้นก่อน แล้วตามด้วยนามสกุลตามปกติเลย,"บรรณานุกรม, ผู้แต่งคนไทย, ชื่อต้น, นามสกุล","ชื่อคนไทย, เขียนชื่อคนไทย, เรียงชื่อคนไทย",บทที่ 3 หน้า 24
195,ถ้าเอกสารมีผู้แต่ง 4 คนขึ้นไป เขียนในบรรณานุกรมยังไงคะ,"ให้ลงชื่อผู้แต่งคนแรก แล้วตามด้วยคำว่า ""และคนอื่นๆ"" หรือ ""และคณะ"" (ภาษาอังกฤษใช้ et al. หรือ and others) ","บรรณานุกรม, ผู้แต่ง 4 คนขึ้นไป, และคณะ, et al.","ผู้แต่งหลายคน, เขียนชื่อผู้แต่งเยอะๆ, และคนอื่น",บทที่ 3 หน้า 25
196,หนังสือที่ไม่ปรากฏสถานที่พิมพ์ ในบรรณานุกรมให้ระบุว่าอะไร,ให้ระบุคำว่า (ม.ป.ท.) สำหรับภาษาไทย หรือ (n.p.) สำหรับภาษาอังกฤษ,"ไม่ปรากฏสถานที่พิมพ์, ม.ป.ท., n.p., บรรณานุกรม","ไม่มีที่พิมพ์, ไม่บอกที่พิมพ์, ใส่ มปท",บทที่ 3 หน้า 25
197,หนังสือที่ไม่ปรากฏปีที่พิมพ์ ในบรรณานุกรมให้ระบุว่าอะไรคะ,ให้ระบุคำว่า (ม.ป.ป.) สำหรับภาษาไทย หรือ (n.d.) สำหรับภาษาอังกฤษ,"ไม่ปรากฏปีที่พิมพ์, ม.ป.ป., n.d., บรรณานุกรม","ไม่มีปีพิมพ์, ไม่บอกปีพิมพ์, ใส่ มปป",บทที่ 3 หน้า 25
198,การพิมพ์บรรณานุกรม หลังเครื่องหมายจุด (.) ต้องเว้นกี่เคาะ,ต้องเว้น 2 เคาะครับ ยกเว้นชื่อย่อผู้แต่งภาษาอังกฤษให้เว้น 1 เคาะ,"บรรณานุกรม, เครื่องหมายจุด, เว้นวรรค, 2 เคาะ","เคาะสเปซบาร์, หลังจุดเว้นกี่เคาะ, พิมพ์บรรณานุกรม",บทที่ 3 หน้า 25
199,ถ้าอ้างอิงในเนื้อหาแบบตัวเลข [1] เวลาเขียนบรรณานุกรมท้ายเล่มต้องเรียงยังไง,ให้เรียงตามลำดับหมายเลขที่อ้างถึงในเนื้อหาเลยครับ โดยพิมพ์หมายเลขชิดขอบซ้าย ไม่ต้องใส่วงเล็บสี่เหลี่ยมแล้ว,"อ้างอิงแบบตัวเลข, บรรณานุกรม, เรียงลำดับ, เอกสารอ้างอิง","อ้างอิงตัวเลข, เรียงบรรณานุกรมยังไง, ใส่เลขไหม",บทที่ 3 หน้า 27
200,ผู้แต่งที่เป็นหน่วยงานราชการ เช่น กรม กระทรวง เขียนในบรรณานุกรมยังไง,"ให้ลงชื่อหน่วยงาน คั่นด้วยเครื่องหมายจุลภาค (,) แล้วตามด้วยฐานะของหน่วยงาน เช่น พัฒนาและส่งเสริมพลังงาน, กรม. ","บรรณานุกรม, นิติบุคคล, หน่วยงานราชการ, กรม, กระทรวง","อ้างอิงหน่วยงาน, ชื่อกรม, อ้างอิงกระทรวง",บทที่ 3 หน้า 30
201,อ้างอิงข้อมูลจากเว็บไซต์หรืออินเทอร์เน็ต ต้องใส่วันที่ค้นข้อมูลด้วยไหมคะ,ต้องใส่ด้วยครับ โดยระบุคำว่า [สืบค้นวันที่ เดือน ปี] หรือ [cited Year Month Date] ไว้หน้า URL ,"อ้างอิงเว็บไซต์, อินเทอร์เน็ต, วันที่สืบค้น, URL","อ้างอิงเว็บ, ใส่เว็บยังไง, วันที่ค้นหา",บทที่ 3 หน้า 40
202,ภาคผนวก ถ้าในเล่มมีแค่ภาคเดียว พิมพ์ชื่อยังไงคะ,"ให้พิมพ์คำว่า ""ภาคผนวก ก"" หรือ ""APPENDIX A"" อยู่กลางหน้ากระดาษ","ภาคผนวก, ภาคเดียว, ภาคผนวก ก, APPENDIX A","ภาคผนวกเดียว, พิมพ์ภาคผนวกยังไง, ภาคผนวก 1",บทที่ 3 หน้า 64
203,ถ้ามีภาคผนวกหลายเรื่อง ต้องแบ่งยังไง,"ให้ใช้เป็น ภาคผนวก ก, ภาคผนวก ข เรียงไปเรื่อยๆ ตามลำดับ และต้องขึ้นหน้าใหม่เมื่อขึ้นภาคผนวกใหม่เสมอ","ภาคผนวกหลายภาค, ภาคผนวก ข, ขึ้นหน้าใหม่","มีหลายภาคผนวก, แบ่งภาคผนวก, ภาคผนวก ค",บทที่ 3 หน้า 64
204,ใบรับรองวิทยานิพนธ์ กรรมการสอบต้องใช้ปากกาสีอะไรเซ็นชื่อ,ต้องลงลายมือชื่อจริงด้วยปากกาหมึกสีดำเท่านั้น,"ใบรับรองวิทยานิพนธ์, เซ็นชื่อ, ปากกาสีดำ, หมึกดำ","เซ็นใบรับรอง, ลายเซ็น, ปากกาน้ำเงินได้ไหม",บทที่ 3 หน้า 64
205,สันปกวิทยานิพนธ์ฉบับสมบูรณ์ ต้องพิมพ์ข้อความอะไรบ้าง,พิมพ์ชื่อผู้แต่ง และปีการศึกษาที่สำเร็จการศึกษา,"สันปก, วิทยานิพนธ์ฉบับสมบูรณ์, ข้อความสันปก","สันเล่ม, พิมพ์สันปก, เขียนอะไรที่สัน",บทที่ 2 หน้า 8
206,การพิมพ์เนื้อหาวิทยานิพนธ์ปกติ ต้องเว้นระยะระหว่างบรรทัดเท่าไหร่คะ,ให้เว้น 1 บรรทัด (Single Line Spacing) เป็นแบบเดียวกันตลอดทั้งเล่ม,"เว้นระยะระหว่างบรรทัด, Single Line Spacing, 1 บรรทัด","ระยะบรรทัด, บรรทัดห่างเท่าไหร่, เว้นบรรทัด",บทที่ 3 หน้า 16
207,การย่อหน้าในเนื้อหาปกติ ต้องเว้นระยะเข้ามาเท่าไหร่,ให้เว้นระยะจากกรอบพิมพ์ด้านซ้ายมือเข้ามา 1 เซนติเมตร (0.39 นิ้ว) ,"ย่อหน้า, ระยะย่อหน้า, 1 เซนติเมตร, กรอบพิมพ์","เคาะย่อหน้า, แท็บย่อหน้า, ย่อหน้ากี่เซน",บทที่ 3 หน้า 16
208,ถ้าพิมพ์มาถึงบรรทัดสุดท้ายของหน้ากระดาษแล้ว แต่ยังไม่จบย่อหน้า ทำยังไง,ถ้าเหลืออีกเพียงบรรทัดเดียวจะจบย่อหน้า ให้พิมพ์ต่อไปในหน้าเดิมจนจบ แล้วค่อยขึ้นย่อหน้าใหม่ในหน้าถัดไป,"บรรทัดสุดท้าย, ขึ้นหน้าใหม่, จบย่อหน้า","บรรทัดล้น, ตกหน้า, หน้าเต็ม",บทที่ 3 หน้า 18
209,คำศัพท์ภาษาอังกฤษที่ใส่วงเล็บในเนื้อหาภาษาไทย ต้องพิมพ์ตัวพิมพ์ใหญ่หรือเล็ก,ควรขึ้นต้นด้วยตัวพิมพ์ใหญ่ (Capital Letters) ตามด้วยตัวพิมพ์เล็กครับ เช่น (Variance Analysis),"คำศัพท์ภาษาอังกฤษ, วงเล็บภาษาอังกฤษ, ตัวพิมพ์ใหญ่, ตัวพิมพ์เล็ก","ศัพท์อิ้ง, พิมพ์ใหญ่พิมพ์เล็ก, ตัวพิมพ์",บทที่ 3 หน้า 18
210,ชื่อบท (CHAPTER) ในวิทยานิพนธ์ภาษาอังกฤษ ใช้ฟอนต์ขนาดเท่าไหร่,ใช้ฟอนต์ขนาด 14 พอยต์ ตัวหนา (Bold) ,"ชื่อบทภาษาอังกฤษ, CHAPTER, ขนาดฟอนต์, 14 พอยต์, ตัวหนา","ขนาดฟ้อนอังกฤษ, บทที่อังกฤษ, ตัวทึบ",บทที่ 3 หน้า 19
211,ชื่อไฟล์หน้าปกวิทยานิพนธ์ต้องตั้งชื่อว่าอะไรคะ,ไฟล์หน้าปกวิทยานิพนธ์กำหนดให้ตั้งชื่อไฟล์ว่า 01_cov.doc ,"ชื่อไฟล์, หน้าปก, 01_cov.doc","ชื่อไฟล, หน้าปรก",ภาคผนวก ข หน้า 127
212,ไฟล์บทคัดย่อตั้งชื่อยังไงครับ,ไฟล์บทคัดย่อทั้งภาษาไทยและภาษาอังกฤษ กำหนดให้ตั้งชื่อไฟล์ว่า 02_abs.doc ,"ชื่อไฟล์, บทคัดย่อ, 02_abs.doc","บดคัดย่อ, ชื่อไฟล",ภาคผนวก ข หน้า 127
213,ชื่อไฟล์กิตติกรรมประกาศตั้งว่าอะไรคะ,ไฟล์กิตติกรรมประกาศกำหนดให้ตั้งชื่อไฟล์ว่า 03_ack.doc ,"ชื่อไฟล์, กิตติกรรมประกาศ, 03_ack.doc","กิตติกรรม, ชื่อไฟล",ภาคผนวก ข หน้า 127
214,พวกสารบัญ สารบัญภาพ สารบัญตาราง ต้องแยกไฟล์ไหม ตั้งชื่อว่าอะไร,สารบัญ สารบัญตาราง สารบัญภาพ และคำอธิบายสัญลักษณ์ ให้อยู่ในไฟล์เดียวกัน โดยตั้งชื่อไฟล์ว่า 04_tbc.doc ,"ชื่อไฟล์, สารบัญ, สารบัญตาราง, สารบัญภาพ, 04_tbc.doc","สารบัน, ชื่อไฟล",ภาคผนวก ข หน้า 127
215,ไฟล์เนื้อหาบทที่ 1 ถึง 5 ตั้งชื่อไฟล์ยังไงครับ,"ไฟล์เนื้อหาให้ตั้งชื่อตามบทและเรียงลำดับ ได้แก่ 05_ch1.doc, 05_ch2.doc, 05_ch3.doc, 05_ch4.doc และ 05_ch5.doc ตามลำดับ","ชื่อไฟล์, บทที่ 1, บทที่ 5, 05_ch","ชื่อไฟล, บดที่",ภาคผนวก ข หน้า 127
216,ไฟล์บรรณานุกรมหรือเอกสารอ้างอิงตั้งชื่อว่าอะไรคะ,ไฟล์บรรณานุกรมหรือเอกสารอ้างอิง กำหนดให้ตั้งชื่อไฟล์ว่า 06_ref.doc ,"ชื่อไฟล์, บรรณานุกรม, เอกสารอ้างอิง, 06_ref.doc","บรรณานุกม, อ้างอิง",ภาคผนวก ข หน้า 127
217,ไฟล์ภาคผนวกตั้งชื่อยังไง ถ้ามีหลายภาค,"ไฟล์ภาคผนวกให้ตั้งชื่อตามจำนวนภาคผนวกและเรียงลำดับ เช่น 07_app1.doc, 07_app2.doc และ 07_app3.doc ","ชื่อไฟล์, ภาคผนวก, 07_app","พากผนวก, ชื่อไฟล",ภาคผนวก ข หน้า 127
218,ไฟล์ประวัติผู้วิจัยตั้งชื่อว่าอะไรครับ,ไฟล์ประวัติผู้วิจัย กำหนดให้ตั้งชื่อไฟล์ว่า 08_bio.doc ,"ชื่อไฟล์, ประวัติผู้วิจัย, 08_bio.doc","ประวัติ, ชื่อไฟล",ภาคผนวก ข หน้า 127
219,แผ่นซีดีที่ส่งบัณฑิตวิทยาลัยต้องใช้แผ่นแบบไหนคะ,ต้องใช้แผ่นซีดีแบบ CD-R 700MB/80MIN ขนาด 12 เซนติเมตร ,"แผ่นซีดี, CD-R, ขนาดแผ่นซีดี","แผ่น CD, ซีดี",ภาคผนวก ข หน้า 127
220,ไฟล์วิทยานิพนธ์ที่บันทึกลงแผ่นซีดีต้องเป็นนามสกุลอะไรบ้าง,ให้นักศึกษาบันทึกข้อมูลเป็นไฟล์นามสกุล .doc และ .pdf ,"นามสกุลไฟล์, บันทึกข้อมูล, .doc, .pdf","นามสกุลไฟล, เซฟไฟล์",ภาคผนวก ข หน้า 127
221,หน้าปกซีดีวิทยานิพนธ์ต้องมีข้อมูลอะไรบ้างครับ,หน้าปกซีดีต้องระบุ ชื่อนักศึกษา รหัสประจำตัว ชื่อวิทยานิพนธ์ ชื่อปริญญา สาขาวิชา และปีการศึกษาที่สำเร็จการศึกษา ,"ปกซีดี, ข้อมูลหน้าปกซีดี, แผ่นซีดี","ปก CD, หน้าปกซีดี",ภาคผนวก ข หน้า 127
222,การเว้นวรรคเล็กในการพิมพ์วิทยานิพนธ์คือการเว้นกี่เคาะคะ,การเว้นวรรคเล็ก คือการเว้นระยะห่างระหว่างวรรคเท่ากับความกว้างของพยัญชนะ หรือ 1 เคาะ ,"เว้นวรรคเล็ก, 1 เคาะ, ระยะห่าง","เว้นวรรค, เคาะ",บทที่ 3 หน้า 16
223,การเว้นวรรคใหญ่คือการเว้นกี่เคาะครับ,การเว้นวรรคใหญ่ คือการเว้นระยะห่างระหว่างวรรคเท่ากับความกว้างของพยัญชนะ หรือ 2 เคาะ ,"เว้นวรรคใหญ่, 2 เคาะ, ระยะห่าง","เว้นวรรค, เคาะ",บทที่ 3 หน้า 16
224,พิมพ์ชื่อกับนามสกุล ต้องเว้นวรรคกี่เคาะ,ให้เว้นวรรคเล็ก (1 เคาะ) ระหว่างชื่อกับนามสกุล ,"ชื่อกับนามสกุล, เว้นวรรค, 1 เคาะ","ชื่อ นามสกุล, เว้นวรรคกี่เคาะ",บทที่ 3 หน้า 17
225,พิมพ์คำนำหน้าชื่อกับชื่อ ต้องเว้นวรรคไหมคะ,ไม่ต้องเว้นวรรคระหว่างคำนำหน้าชื่อกับชื่อครับ เช่น นายสมศักดิ์ ปิ่นแก้ว,"คำนำหน้าชื่อ, ชื่อ, ไม่เว้นวรรค","คำนำหน้า, เว้นวรรคไหม",บทที่ 3 หน้า 17
226,ยศกับชื่อ ต้องเว้นวรรคไหมครับ,ให้เว้นวรรคเล็ก (1 เคาะ) ระหว่างยศกับชื่อครับ เช่น พลเรือเอก สงัด ชลออยู่,"ยศกับชื่อ, เว้นวรรค, 1 เคาะ","ยศ ชื่อ, เว้นวรรคกี่เคาะ",บทที่ 3 หน้า 17
227,พิมพ์ตัวหนังสือกับตัวเลข ต้องเว้นวรรคยังไง,ให้เว้นวรรคเล็ก (1 เคาะ) ระหว่างตัวหนังสือกับตัวเลขครับ เช่น แรงดันไฟฟ้า 220 โวลท์,"ตัวหนังสือกับตัวเลข, เว้นวรรค, 1 เคาะ","ตัวหนังสือ ตัวเลข, เว้นวรรคกี่เคาะ",บทที่ 3 หน้า 17
228,"เครื่องหมายจุลภาค (,) พิมพ์เสร็จแล้วต้องเว้นวรรคกี่เคาะ","ให้เว้นวรรคเล็ก (1 เคาะ) หลังเครื่องหมายจุลภาค (,) ","เครื่องหมายจุลภาค, ลูกน้ำ, เว้นวรรค, 1 เคาะ","ลูกน้ำ, คอมม่า, comma",บทที่ 3 หน้า 17
229,หลังเครื่องหมายจุด (.) หรือมหัพภาค ต้องเว้นวรรคกี่เคาะคะ,ให้เว้น 2 เคาะ หลังเครื่องหมายมหัพภาค (.) ยกเว้นชื่อย่อผู้แต่งภาษาอังกฤษให้เว้น 1 เคาะ ,"เครื่องหมายมหัพภาค, จุด, เว้นวรรค, 2 เคาะ","จุด, เว้นวรรคกี่เคาะ",บทที่ 3 หน้า 25
230,หน้าและหลังเครื่องหมายทวิภาค (:) หรือ colon ต้องเว้นวรรคกี่เคาะ,ให้เว้น 1 เคาะ ทั้งหน้าและหลังเครื่องหมายมหัพภาคคู่ (:) ,"เครื่องหมายทวิภาค, colon, เว้นวรรค, 1 เคาะ","โคลอน, เว้นวรรคกี่เคาะ",บทที่ 3 หน้า 25
231,การเว้นวรรคหน้าและหลังเครื่องหมายวงเล็บ ต้องทำยังไงครับ,ให้เว้นวรรคเล็ก (1 เคาะ) หน้าเครื่องหมายวงเล็บเปิด และเว้นวรรคเล็ก (1 เคาะ) หลังเครื่องหมายวงเล็บปิด ,"เครื่องหมายวงเล็บ, เว้นวรรค, 1 เคาะ","วงเล็บ, เว้นวรรคกี่เคาะ",บทที่ 3 หน้า 17
232,ถ้าพิมพ์ถึงบรรทัดสุดท้ายแล้วคำมันยาว ต้องตัดคำยังไงคะ,ในการตัดคำต้องใส่ยัติภังค์ (-) เสมอ แต่ต้องพิจารณาตัดอย่างรอบคอบ คำที่ตัดแล้วความหมายเปลี่ยนไม่ควรตัด และไม่ควรฉีกคำ หากเป็นไปได้ให้ยกคำนั้นไปพิมพ์ในบรรทัดต่อไปทั้งคำ,"ตัดคำ, สิ้นสุดบรรทัด, ยัติภังค์, ฉีกคำ","ตัดคำยังไง, บรรทัดสุดท้าย",บทที่ 3 หน้า 18
233,การอ้างอิงแบบนาม-ปี ถ้าอ้างอิงเอกสารภาษาไทย ต้องใส่ชื่อและนามสกุลผู้แต่งเลยไหม,เอกสารอ้างอิงภาษาไทย ให้ขึ้นต้นชื่อผู้แต่งด้วยชื่อต้นเท่านั้น โดยไม่ต้องใส่ชื่อสกุล,"อ้างอิงนาม-ปี, ภาษาไทย, ชื่อผู้แต่ง","นามปี, อ้างอิงไทย",บทที่ 3 หน้า 22
234,การอ้างอิงแบบนาม-ปี ของเอกสารภาษาอังกฤษ ต้องใส่ชื่อยังไงครับ,เอกสารอ้างอิงภาษาต่างประเทศ ให้ขึ้นต้นชื่อผู้แต่งด้วยชื่อสกุลเท่านั้นเป็นภาษาอังกฤษ โดยไม่ต้องกำกับชื่อภาษาไทยในวงเล็บ,"อ้างอิงนาม-ปี, ภาษาอังกฤษ, ชื่อผู้แต่ง, ชื่อสกุล","นามปี, อ้างอิงอังกฤษ",บทที่ 3 หน้า 22
235,ถ้าอ้างอิงแบบนาม-ปี แล้วต้องการระบุเลขหน้าด้วย ต้องพิมพ์ยังไง,"ให้ระบุเฉพาะปีในวงเล็บ ตามด้วยเครื่องหมายมหัพภาคคู่ (:) และเลขหน้าครับ เช่น (สมาน, 2523 : 1-2)","อ้างอิงนาม-ปี, ระบุเลขหน้า, มหัพภาคคู่","นามปี, ใส่เลขหน้า",บทที่ 3 หน้า 22
236,การคัดลอกข้อความมาใส่ในวิทยานิพนธ์ ถ้าข้อความไม่เกิน 3 บรรทัด พิมพ์ยังไงคะ,"ถ้าเป็นข้อความสั้นๆ ที่มีความยาวไม่เกิน 3 บรรทัด ให้พิมพ์ต่อไปในเนื้อหาโดยไม่ต้องขึ้นบรรทัดใหม่ และให้เขียนไว้ในเครื่องหมายอัญประกาศ ("" "")","คัดลอกข้อความ, ไม่เกิน 3 บรรทัด, อัญประกาศ","ก๊อปข้อความ, ใส่ฟันหนู",บทที่ 3 หน้า 22
237,ถ้าคัดลอกข้อความมายาวเกิน 3 บรรทัด ต้องพิมพ์ยังไงครับ,"ให้พิมพ์แยกจากเนื้อหาโดยขึ้นบรรทัดใหม่ไม่เว้นบรรทัด ไม่ต้องใส่เครื่องหมายอัญประกาศ ("" "") แต่ให้พิมพ์ติดต่อกันไปโดยด้านซ้ายของข้อความอยู่ในระดับเสมอย่อหน้า","คัดลอกข้อความ, เกิน 3 บรรทัด, เสมอย่อหน้า","ก๊อปข้อความ, ยาวเกิน",บทที่ 3 หน้า 22
238,ในบรรณานุกรม ถ้าผู้แต่งเป็นชาวต่างประเทศ ต้องพิมพ์ชื่อยังไงคะ,"ให้พิมพ์ชื่อสกุล ตามด้วยชื่อต้นและชื่อกลาง (ถ้ามี) คั่นด้วยเครื่องหมายจุลภาคครับ เช่น Reynolds, F. E.","บรรณานุกรม, ผู้แต่งต่างประเทศ, ชื่อสกุล","บรรณานุกม, ฝรั่ง",บทที่ 3 หน้า 24
239,ในบรรณานุกรม ถ้าผู้แต่งเป็นคนไทย ต้องพิมพ์นามสกุลก่อนไหม,ถ้าเป็นคนไทยให้พิมพ์ชื่อต้นก่อน แล้วตามด้วยนามสกุลครับ แต่ถ้าเขียนเอกสารเป็นภาษาต่างประเทศให้ใช้นามสกุลก่อนแล้วตามด้วยชื่อต้น,"บรรณานุกรม, ผู้แต่งคนไทย, ชื่อต้น","บรรณานุกม, คนไทย",บทที่ 3 หน้า 24
240,ถ้าหนังสือมีผู้แต่ง 2 หรือ 3 คน ต้องเขียนบรรณานุกรมยังไงครับ,"ให้ลงชื่อผู้แต่งทุกคน โดยใช้คำว่า ""และ"" (หรือ and) ก่อนชื่อผู้แต่งคนสุดท้าย","บรรณานุกรม, ผู้แต่ง 2 คน, ผู้แต่ง 3 คน, และ","บรรณานุกม, แต่งหลายคน",บทที่ 3 หน้า 25
241,ถ้าหนังสือมีผู้แต่ง 4 คนขึ้นไป เขียนบรรณานุกรมยังไงคะ,"ให้ลงชื่อผู้แต่งคนแรก ตามด้วยคำว่า ""และคนอื่น ๆ"" (หรือและคณะ หรือ et al. หรือ and others) ","บรรณานุกรม, ผู้แต่ง 4 คนขึ้นไป, และคนอื่น ๆ","บรรณานุกม, แต่ง 4 คน",บทที่ 3 หน้า 25
242,ถ้าหนังสือที่จะเอามาอ้างอิง ไม่มีบอกสำนักพิมพ์หรือสถานที่พิมพ์ ต้องเขียนยังไง,ให้ระบุอักษรย่อ (ม.ป.ท.) สำหรับภาษาไทย หรือ (n.p.) สำหรับภาษาอังกฤษ,"บรรณานุกรม, ไม่ปรากฏสถานที่พิมพ์, ม.ป.ท., n.p.","ไม่มีที่พิมพ์, ไม่มีสำนักพิมพ์",บทที่ 3 หน้า 25
243,ถ้าหนังสือไม่มีบอกปีที่พิมพ์ ต้องเขียนในบรรณานุกรมยังไงครับ,ให้ระบุอักษรย่อ (ม.ป.ป.) สำหรับภาษาไทย หรือ (n.d.) สำหรับภาษาอังกฤษ,"บรรณานุกรม, ไม่ปรากฏปีที่พิมพ์, ม.ป.ป., n.d.","ไม่มีปีพิมพ์, ไม่บอกปี",บทที่ 3 หน้า 25
244,ชื่อหนังสือหรือชื่อวารสารในบรรณานุกรม ต้องทำตัวหนาหรือขีดเส้นใต้ไหม,ให้เน้นข้อความโดยเลือกพิมพ์ด้วยตัวหนา (Bold) หรือขีดเส้นใต้ (Under Line) หรือตัวเอน (Italic) ตามความเหมาะสม แต่ต้องใช้รูปแบบเดียวกันตลอดทั้งเล่ม,"บรรณานุกรม, ชื่อหนังสือ, ชื่อวารสาร, ตัวหนา, ขีดเส้นใต้, ตัวเอน","ทำตัวหนาไหม, ตัวเอียง",บทที่ 3 หน้า 25
245,การอ้างอิงแบบตัวเลข ทำยังไงคะ,"ให้ใส่ตัวเลขกำกับไว้ท้ายข้อความ หรือชื่อบุคคลที่อ้างอิงด้วยตัวเลขอารบิคในเครื่องหมายวงเล็บสี่เหลี่ยม [ ] เช่น [1] หรือ [2, 3] โดยเรียงลำดับตั้งแต่เลข 1 เป็นต้นไปจนจบเล่ม","อ้างอิงแบบตัวเลข, วงเล็บสี่เหลี่ยม, เรียงลำดับ","อ้างอิงตัวเลข, ใส่ปีกกา",บทที่ 3 หน้า 26
246,ถ้าอ้างอิงแบบตัวเลข แล้วมีการอ้างอิงเอกสารเดิมซ้ำ ต้องรันเลขใหม่ไหมครับ,ในกรณีที่มีการอ้างอิงซ้ำ ให้ใช้ตัวเลขเดิมที่เคยใช้อ้างอิงมาก่อนแล้วครับ ไม่ต้องรันเลขใหม่,"อ้างอิงแบบตัวเลข, อ้างอิงซ้ำ, ตัวเลขเดิม","อ้างอิงซ้ำ, เลขซ้ำ",บทที่ 3 หน้า 26
247,การเขียนบรรณานุกรมแบบ APA และ MLA ต่างกันยังไง ใช้แบบไหนดี,แบบ APA นิยมใช้ในงานด้านสังคมศาสตร์และวิทยาศาสตร์ ส่วนแบบ MLA นิยมใช้ในงานด้านมนุษยศาสตร์ ภาษาและวรรณคดี สามารถเลือกใช้แบบใดแบบหนึ่งได้ แต่ต้องใช้แบบเดียวกันตลอดทั้งเล่ม,"บรรณานุกรม, APA, MLA, รูปแบบ","แบบ APA, แบบ MLA",บทที่ 3 หน้า 28
248,ถ้าอ้างอิงจากหนังสือแปล เขียนบรรณานุกรมยังไงคะ,ให้ขึ้นต้นด้วย ชื่อผู้แต่งดั้งเดิม. (ปีที่พิมพ์ฉบับแปล). ชื่อหนังสือฉบับแปล. แปลโดย ชื่อผู้แปล. ครั้งที่พิมพ์. สถานที่พิมพ์ : โรงพิมพ์. ,"บรรณานุกรม, หนังสือแปล, ชื่อผู้แปล","อ้างอิงหนังสือแปล, หนังสือแปล",บทที่ 3 หน้า 33
249,อ้างอิงบทความจากวารสาร เขียนบรรณานุกรมยังไงครับ,"ให้เขียนในรูปแบบ: ชื่อผู้แต่ง. (ปีที่พิมพ์). ""ชื่อบทความ."" ชื่อวารสาร. ปีที่ ฉบับที่ : เลขหน้า. ","บรรณานุกรม, บทความวารสาร, ชื่อบทความ","อ้างอิงวารสาร, บทความ",บทที่ 3 หน้า 36
250,ถ้าอ้างอิงข้อมูลจากเว็บไซต์ ต้องเขียนบรรณานุกรมยังไงคะ,ให้เขียนในรูปแบบ: ชื่อผู้แต่ง. (ปีที่ออนไลน์). [ออนไลน์]. ชื่อเรื่อง. [สืบค้นวัน เดือน ปีที่อ้าง]. จาก URL ,"บรรณานุกรม, เว็บไซต์, ออนไลน์, URL","อ้างอิงเว็บ, อินเทอร์เน็ต",บทที่ 3 หน้า 41
251,อ้างอิงสิทธิบัตร เขียนบรรณานุกรมยังไงครับ,ให้เขียนในรูปแบบ: ชื่อผู้จดสิทธิบัตร. (วัน เดือน ปีที่ได้รับการจดสิทธิบัตร). ชื่อวิธีหรือสิ่งประดิษฐ์. ประเทศที่จดสิทธิบัตร หมายเลขของสิทธิบัตร. ,"บรรณานุกรม, สิทธิบัตร, หมายเลขสิทธิบัตร","อ้างอิงสิทธิบัตร, สิทธิบัต",บทที่ 3 หน้า 42
252,อ้างอิงลิขสิทธิ์ เขียนบรรณานุกรมยังไงคะ,ให้เขียนในรูปแบบ: ชื่อผู้ขอจดลิขสิทธิ์. (วัน เดือน ปีที่ได้รับการจดสิทธิบัตร). ชื่อผลงาน. ประเทศที่จดลิขสิทธิ์ ทะเบียนข้อมูลเลขที่ลิขสิทธิ์. ,"บรรณานุกรม, ลิขสิทธิ์, ทะเบียนข้อมูล","อ้างอิงลิขสิทธิ์, ลิขสิท",บทที่ 3 หน้า 43
253,ถ้าอ้างอิงจากสูจิบัตร หรือแผ่นพับ เขียนบรรณานุกรมยังไงครับ,ให้เขียนในรูปแบบ: ชื่อผู้แต่ง. (ปีที่พิมพ์). ชื่อเรื่อง. (ลักษณะของเอกสาร). สถานที่พิมพ์ : ผู้รับผิดชอบในการพิมพ์.,"บรรณานุกรม, สูจิบัตร, แผ่นพับ, แผ่นปลิว","อ้างอิงแผ่นพับ, โบรชัวร์",บทที่ 3 หน้า 44
254,อ้างอิงประกาศหรือคำสั่งของหน่วยงาน เขียนบรรณานุกรมยังไงคะ,ให้เขียนในรูปแบบ: ชื่อหน่วยงาน. (วัน เดือน ปีที่ประกาศ หรือมีคำสั่ง). ชื่อเอกสาร. ,"บรรณานุกรม, ประกาศ, คำสั่ง, หน่วยงาน","อ้างอิงประกาศ, คำสั่ง",บทที่ 3 หน้า 44
255,อ้างอิงมาตรฐานการทดสอบ เขียนบรรณานุกรมยังไงครับ,ให้เขียนในรูปแบบ: ชื่อมาตรฐานการทดสอบ. ชื่อเรื่องการทดสอบ. เช่น มยผ. 1223-51. มาตรฐานการทดสอบหาค่าความชื้นของไม้. ,"บรรณานุกรม, มาตรฐานการทดสอบ, มยผ.","อ้างอิงมาตรฐาน, การทดสอบ",บทที่ 3 หน้า 45
256,ชื่อผู้วิจัยท้ายกิตติกรรมประกาศ ต้องใส่คำนำหน้าชื่ออย่าง นาย นาง นางสาว ไหมคะ,ท้ายข้อความกิตติกรรมประกาศให้ระบุชื่อ-สกุล ผู้วิจัย โดยไม่ต้องระบุคำนำหน้าชื่อ (นาย นาง หรือนางสาว) ,"กิตติกรรมประกาศ, ชื่อผู้วิจัย, คำนำหน้าชื่อ","ใส่คำนำหน้าไหม, กิตติกรรม",บทที่ 2 หน้า 9
257,"การพิมพ์คำว่า ""บทคัดย่อ"" ในหน้าบทคัดย่อภาษาไทย พิมพ์ตรงไหนและจัดรูปแบบยังไงครับ","ให้พิมพ์คำว่า ""บทคัดย่อ"" ไว้กลางหน้ากระดาษ โดยเว้น 1 บรรทัดจากชื่ออาจารย์ที่ปรึกษาวิทยานิพนธ์หลัก","บทคัดย่อ, การพิมพ์บทคัดย่อ, กลางหน้ากระดาษ","บดคัดย่อ, พิมพ์ตรงไหน",ภาคผนวก ก หน้า 85
258,คำสำคัญ (Keywords) ในบทคัดย่อภาษาไทย ต้องพิมพ์ไว้ตรงไหนคะ,"ให้พิมพ์คำว่า ""คำสำคัญ :"" ไว้ที่ท้ายบทคัดย่อ โดยเว้น 1 บรรทัดจากข้อความที่ระบุจำนวนหน้าวิทยานิพนธ์","คำสำคัญ, Keywords, ท้ายบทคัดย่อ","คีเวิด, คีย์เวิร์ด",ภาคผนวก ก หน้า 85
259,"คำว่า ""ประวัติผู้วิจัย"" ในหน้าประวัติผู้วิจัย พิมพ์ตรงไหนและใช้ฟอนต์ขนาดเท่าไหร่ครับ","ให้พิมพ์คำว่า ""ประวัติผู้วิจัย"" ไว้กลางหน้ากระดาษ โดยใช้ตัวอักษรขนาด 16 พอยต์ ตัวหนา (Bold) ","ประวัติผู้วิจัย, กลางหน้ากระดาษ, ขนาดฟอนต์, 16 พอยต์","ประวัติ, ฟ้อน",บทที่ 2 หน้า 15
260,ตารางที่อ้างอิงมาจากแหล่งอื่น ต้องพิมพ์ที่มาไว้ตรงไหนของตารางคะ,ตารางที่อ้างอิงจากแหล่งอื่น ให้เขียนอ้างอิงแหล่งที่มาไว้ที่ท้ายตารางครับ เช่น ที่มา : บุญเสริม (2551),"ตาราง, อ้างอิงแหล่งอื่น, ที่มา, ท้ายตาราง","ที่มาตาราง, อ้างอิงตาราง",บทที่ 3 หน้า 20
261,การอ้างอิงมาตรฐานผลิตภัณฑ์อุตสาหกรรม รูปแบบ APA เขียนบรรณานุกรมอย่างไรคะ,ให้เขียนในรูปแบบ: สำนักงานมาตรฐานผลิตภัณฑ์อุตสาหกรรม. (ปีที่ออกประกาศ). ชื่อมาตรฐานผลิตภัณฑ์อุตสาหกรรม. เลขที่ มอก. ,"บรรณานุกรม, มาตรฐานผลิตภัณฑ์อุตสาหกรรม, มอก., APA","อ้างอิงมาตรฐาน, อ้างอิงมอก",บทที่ 3 หน้า 45
262,การเขียนบรรณานุกรมแบบ MLA นิยมใช้กับงานด้านไหนครับ,แบบ MLA (Modern Language Association) นิยมใช้เขียนกันในงานด้านมนุษยศาสตร์ โดยเฉพาะด้านภาษาและวรรณคดี ,"บรรณานุกรม, MLA, มนุษยศาสตร์, ภาษาและวรรณคดี","แบบเอ็มแอลเอ, อ้างอิง MLA",บทที่ 3 หน้า 28
263,การเขียนบรรณานุกรมหนังสือแบบ MLA ผู้แต่ง 1 คน เขียนยังไงคะ,"ให้เขียนในรูปแบบ: ชื่อผู้แต่ง. ชื่อเรื่อง. ครั้งที่พิมพ์. จำนวนเล่ม. สถานที่พิมพ์ : โรงพิมพ์, ปีที่พิมพ์. ","บรรณานุกรม, MLA, หนังสือ, ผู้แต่ง 1 คน","อ้างอิงหนังสือ, เอ็มแอลเอ",บทที่ 3 หน้า 46
264,ถ้าเขียนบรรณานุกรมแบบ MLA ผู้แต่ง 2 คน ต้องใช้คำเชื่อมยังไงครับ,"ให้ใช้คำว่า ""และ"" หรือ ""and"" เชื่อมระหว่างชื่อผู้แต่งคนที่ 1 และคนที่ 2 ","บรรณานุกรม, MLA, ผู้แต่ง 2 คน, คำเชื่อม",อ้างอิงผู้แต่งสองคน,บทที่ 3 หน้า 46
265,เขียนบรรณานุกรมแบบ MLA ผู้แต่ง 3 คน เขียนยังไงคะ,"ให้ลงชื่อผู้แต่งทั้ง 3 คน โดยใช้เครื่องหมายจุลภาค (,) คั่นระหว่างคนที่ 1 และ 2 และใช้คำว่า ""และ"" หรือ ""and"" ก่อนชื่อคนที่ 3 ","บรรณานุกรม, MLA, ผู้แต่ง 3 คน",อ้างอิงผู้แต่งสามคน,บทที่ 3 หน้า 46
266,ถ้าหนังสือมีผู้แต่งตั้งแต่ 4 คนขึ้นไป เขียนบรรณานุกรมแบบ MLA ยังไงครับ,"ให้ลงชื่อผู้แต่งคนแรก ตามด้วยคำว่า ""และคนอื่น ๆ"" หรือ ""และคณะ"" (ภาษาอังกฤษใช้ et al. หรือ and others) ","บรรณานุกรม, MLA, ผู้แต่ง 4 คน, และคณะ",อ้างอิงผู้แต่งหลายคน,บทที่ 3 หน้า 47
267,การเขียนบรรณานุกรมแบบ MLA สำหรับผู้แต่งที่เป็นนิติบุคคล เขียนยังไงคะ,"ให้เขียนในรูปแบบ: ชื่อนิติบุคคล, ฐานะของหน่วยงาน. ชื่อหนังสือ. ครั้งที่พิมพ์. สถานที่พิมพ์ : โรงพิมพ์, ปีที่พิมพ์. ","บรรณานุกรม, MLA, นิติบุคคล, หน่วยงาน","อ้างอิงหน่วยงาน, อ้างอิงนิติบุคคล",บทที่ 3 หน้า 47
268,ถ้าผู้แต่งคนเดียวกัน เขียนหนังสือหลายเล่มในปีเดียวกัน บรรณานุกรมแบบ MLA ต้องทำยังไงครับ,"ให้เขียนชื่อผู้แต่งเฉพาะเล่มแรก เล่มต่อ ๆ ไปให้ขีดเส้นใต้ยาว 1.5 เซนติเมตร แล้วตามด้วยเครื่องหมายมหัพภาค (.) และใส่ตัวอักษร ก, ข, ค หรือ a, b, c กำกับไว้ที่ปีที่พิมพ์ด้วย","บรรณานุกรม, MLA, ผู้แต่งคนเดียวกัน, ปีเดียวกัน",อ้างอิงผู้แต่งซ้ำ,บทที่ 3 หน้า 48
269,หนังสือที่ไม่ปรากฏชื่อผู้แต่ง มีแต่บรรณาธิการ เขียนบรรณานุกรมแบบ MLA ยังไงคะ,"ให้เขียนในรูปแบบ: ชื่อบรรณาธิการ. (บรรณาธิการ). ชื่อหนังสือ. ครั้งที่พิมพ์. สถานที่พิมพ์ : โรงพิมพ์, ปีที่พิมพ์. ","บรรณานุกรม, MLA, บรรณาธิการ, ไม่มีชื่อผู้แต่ง",อ้างอิงบรรณาธิการ,บทที่ 3 หน้า 48
270,หนังสือที่ไม่ปรากฏชื่อผู้แต่งเลย เขียนบรรณานุกรมแบบ MLA ยังไงครับ,"ให้เขียนในรูปแบบ: ชื่อหนังสือ. ครั้งที่พิมพ์. สถานที่พิมพ์ : โรงพิมพ์, ปีที่พิมพ์. ","บรรณานุกรม, MLA, ไม่ปรากฏชื่อผู้แต่ง",อ้างอิงไม่มีชื่อผู้แต่ง,บทที่ 3 หน้า 49
271,ถ้าหนังสือไม่ปรากฏสถานที่พิมพ์และสำนักพิมพ์ ในบรรณานุกรมแบบ MLA ต้องเขียนยังไงคะ,ภาษาไทยให้ระบุ (ม.ป.ท.) ส่วนภาษาอังกฤษให้ระบุ (n.p.) ,"บรรณานุกรม, MLA, ไม่ปรากฏสถานที่พิมพ์, ม.ป.ท.",อ้างอิงไม่มีสถานที่พิมพ์,บทที่ 3 หน้า 49
272,ถ้าหนังสือไม่ปรากฏปีที่พิมพ์ ในบรรณานุกรมแบบ MLA ต้องเขียนยังไงครับ,ภาษาไทยให้ระบุ (ม.ป.ป.) ส่วนภาษาอังกฤษให้ระบุ (n.d.) ,"บรรณานุกรม, MLA, ไม่ปรากฏปีที่พิมพ์, ม.ป.ป.",อ้างอิงไม่มีปีที่พิมพ์,บทที่ 3 หน้า 49
273,การอ้างอิงสองทอดแบบ MLA (ระบุชื่อผู้แต่งที่นำผลงานผู้อื่นมาอ้างอิง) เขียนยังไงคะ,"ให้ระบุชื่อผู้แต่งเอกสารอันดับรอง ตามด้วยคำว่า ""อ้างถึง"" หรือ ""cited"" แล้วระบุชื่อผู้แต่งเอกสารอันดับแรก ","บรรณานุกรม, MLA, อ้างอิงสองทอด, อ้างถึง","อ้างอิงต่อ, อ้างอิงซ้อน",บทที่ 3 หน้า 49
274,การอ้างอิงสองทอดแบบ MLA (ระบุชื่อผู้แต่งต้นฉบับ) เขียนยังไงครับ,"ให้ระบุชื่อผู้แต่งเอกสารอันดับแรก ตามด้วยคำว่า ""อ้างถึงใน"" หรือ ""cited in"" แล้วระบุชื่อผู้แต่งเอกสารอันดับรอง","บรรณานุกรม, MLA, อ้างอิงสองทอด, อ้างถึงใน","อ้างอิงต่อ, อ้างอิงซ้อน",บทที่ 3 หน้า 50
275,การเขียนบรรณานุกรมแบบ MLA สำหรับหนังสือแปล เขียนยังไงคะ,"ให้เขียนในรูปแบบ: ชื่อผู้แต่งดั้งเดิม. ชื่อหนังสือฉบับแปล. แปลโดย ชื่อผู้แปล. ครั้งที่พิมพ์. สถานที่พิมพ์ : โรงพิมพ์, ปีที่พิมพ์ฉบับแปล. ","บรรณานุกรม, MLA, หนังสือแปล",อ้างอิงหนังสือแปล,บทที่ 3 หน้า 50
276,การอ้างอิงราชกิจจานุเบกษา รูปแบบ MLA เขียนบรรณานุกรมยังไงครับ,"ให้เขียนในรูปแบบ: ราชกิจจานุเบกษา. ชื่อกฎ, ระเบียบ, ประกาศ, ข้อบังคับ, คำสั่ง. ชื่อเรื่อง. เล่ม ตอนที่ วัน เดือน ปีที่ประกาศใช้ : เลขหน้า. ","บรรณานุกรม, MLA, ราชกิจจานุเบกษา",อ้างอิงราชกิจจานุเบกษา,บทที่ 3 หน้า 51
277,อ้างอิงวิทยานิพนธ์แบบ MLA เขียนบรรณานุกรมยังไงคะ,"ให้เขียนในรูปแบบ: ชื่อผู้แต่ง. ชื่อเรื่องวิทยานิพนธ์. ระดับวิทยานิพนธ์ สาขาวิชา ภาควิชา คณะ มหาวิทยาลัย/สถาบัน, ปีที่พิมพ์. ","บรรณานุกรม, MLA, วิทยานิพนธ์","อ้างอิงวิทยานิพนธ์, อ้างอิงวิจัย",บทที่ 3 หน้า 52
278,อ้างอิงการสัมภาษณ์แบบ MLA เขียนบรรณานุกรมยังไงครับ,ให้เขียนในรูปแบบ: ชื่อผู้ให้สัมภาษณ์. ตำแหน่งผู้ให้สัมภาษณ์. สัมภาษณ์. วัน เดือน ปีที่สัมภาษณ์. ,"บรรณานุกรม, MLA, สัมภาษณ์","อ้างอิงสัมภาษณ์, อ้างอิงการคุย",บทที่ 3 หน้า 53
279,บทความในหนังสือรวบรวมบทความ รูปแบบ MLA เขียนบรรณานุกรมยังไงคะ,"ให้เขียนในรูปแบบ: ชื่อผู้แต่ง. ""ชื่อบทความ."" ชื่อหนังสือ. เลขหน้า. สถานที่พิมพ์ : โรงพิมพ์, ปีที่พิมพ์. ","บรรณานุกรม, MLA, บทความในหนังสือ",อ้างอิงบทความ,บทที่ 3 หน้า 53
280,บทความจากวารสาร รูปแบบ MLA เขียนบรรณานุกรมยังไงครับ,"ให้เขียนในรูปแบบ: ชื่อผู้แต่ง. ""ชื่อบทความ."" ชื่อวารสารและจุลสาร. ปีที่หรือเล่มที่ ฉบับที่ (ปีที่พิมพ์) : เลขหน้า. ","บรรณานุกรม, MLA, วารสาร, จุลสาร",อ้างอิงวารสาร,บทที่ 3 หน้า 54
281,บทความในหนังสือพิมพ์ รูปแบบ MLA เขียนบรรณานุกรมยังไงคะ,"ให้เขียนในรูปแบบ: ชื่อผู้เขียน. ""ชื่อบทความหรือชื่อข่าว."" ชื่อหนังสือพิมพ์. (วัน เดือน ปีที่พิมพ์) : เลขหน้า. ","บรรณานุกรม, MLA, หนังสือพิมพ์","อ้างอิงหนังสือพิมพ์, อ้างอิงข่าว",บทที่ 3 หน้า 54
282,บทความในสารานุกรม รูปแบบ MLA เขียนบรรณานุกรมยังไงครับ,"ให้เขียนในรูปแบบ: ชื่อผู้แต่ง. ""ชื่อบทความ."" ชื่อสารานุกรม. เล่มที่. (ปีที่พิมพ์) : เลขหน้า. ","บรรณานุกรม, MLA, สารานุกรม",อ้างอิงสารานุกรม,บทที่ 3 หน้า 55
283,บทวิจารณ์หนังสือ รูปแบบ MLA เขียนบรรณานุกรมยังไงคะ,ให้เขียนในรูปแบบ: ผู้เขียนวิจารณ์. วิจารณ์เรื่อง ชื่อหนังสือที่วิจารณ์. โดย ชื่อผู้แต่ง. ชื่อวารสาร. ปีที่ (เดือน ปีที่พิมพ์) : เลขหน้า. ,"บรรณานุกรม, MLA, บทวิจารณ์หนังสือ",อ้างอิงบทวิจารณ์,บทที่ 3 หน้า 55
284,รายงานการประชุมวิชาการ รูปแบบ MLA เขียนบรรณานุกรมยังไงครับ,"ให้เขียนในรูปแบบ: ชื่อผู้จัดทำหรือบรรณาธิการ. ชื่อหนังสือ ชื่อการประชุม. สถานที่พิมพ์ : โรงพิมพ์, ปีที่พิมพ์. ","บรรณานุกรม, MLA, รายงานการประชุม, Proceedings","อ้างอิงงานประชุม, อ้างอิงสัมมนา",บทที่ 3 หน้า 55
285,บทความที่เผยแพร่บนอินเทอร์เน็ต รูปแบบ MLA เขียนบรรณานุกรมยังไงคะ,"ให้เขียนในรูปแบบ: ชื่อผู้แต่ง. ""ชื่อเรื่อง."" ชื่อวารสาร. [วารสารออนไลน์] ปีที่ออนไลน์. [สืบค้นวัน เดือน ปีที่อ้าง]. จาก URL ","บรรณานุกรม, MLA, บทความอินเทอร์เน็ต, วารสารออนไลน์","อ้างอิงเว็บ, อ้างอิงออนไลน์",บทที่ 3 หน้า 57
286,ข้อมูลจากเว็บไซต์หน่วยงาน รูปแบบ MLA เขียนบรรณานุกรมยังไงครับ,ให้เขียนในรูปแบบ: ชื่อผู้แต่ง. ชื่อเรื่อง. [ออนไลน์] ปีที่ออนไลน์. [สืบค้นวัน เดือน ปีที่อ้าง]. จาก URL ,"บรรณานุกรม, MLA, เว็บไซต์หน่วยงาน, ออนไลน์",อ้างอิงเว็บไซต์หน่วยงาน,บทที่ 3 หน้า 59
287,สิทธิบัตร รูปแบบ MLA เขียนบรรณานุกรมยังไงคะ,ให้เขียนในรูปแบบ: ชื่อผู้จดสิทธิบัตร. ชื่อวิธีหรือสิ่งประดิษฐ์. ประเทศที่จดสิทธิบัตร หมายเลขของสิทธิบัตร. วัน เดือน ปีที่ได้รับการจดสิทธิบัตร. ,"บรรณานุกรม, MLA, สิทธิบัตร",อ้างอิงสิทธิบัตร,บทที่ 3 หน้า 60
288,ลิขสิทธิ์ รูปแบบ MLA เขียนบรรณานุกรมยังไงครับ,ให้เขียนในรูปแบบ: ชื่อผู้ขอจดลิขสิทธิ์. ชื่อผลงาน. ประเทศที่จดลิขสิทธิ์ ทะเบียนข้อมูลเลขที่ลิขสิทธิ์. วัน เดือน ปีที่ได้รับการจดลิขสิทธิ์. ,"บรรณานุกรม, MLA, ลิขสิทธิ์",อ้างอิงลิขสิทธิ์,บทที่ 3 หน้า 61
289,แผนที่ภาพถ่ายทางอากาศ รูปแบบ MLA เขียนบรรณานุกรมยังไงคะ,ให้เขียนในรูปแบบ: ชื่อผู้จัดทำ. ชื่อแผนที่. ปีที่พิมพ์. มาตราส่วน. ,"บรรณานุกรม, MLA, แผนที่ภาพถ่ายทางอากาศ",อ้างอิงแผนที่,บทที่ 3 หน้า 61
290,ประกาศหรือคำสั่ง รูปแบบ MLA เขียนบรรณานุกรมยังไงครับ,ให้เขียนในรูปแบบ: ชื่อหน่วยงาน. ชื่อเอกสาร. วัน เดือน ปีที่ประกาศ หรือมีคำสั่ง. ,"บรรณานุกรม, MLA, ประกาศ, คำสั่ง","อ้างอิงประกาศ, อ้างอิงคำสั่ง",บทที่ 3 หน้า 62
291,มาตรฐานผลิตภัณฑ์อุตสาหกรรม รูปแบบ MLA เขียนบรรณานุกรมยังไงคะ,ให้เขียนในรูปแบบ: สำนักงานมาตรฐานผลิตภัณฑ์อุตสาหกรรม. ชื่อมาตรฐานผลิตภัณฑ์อุตสาหกรรม. เลขที่ มอก. (ปีที่ออกประกาศ). ,"บรรณานุกรม, MLA, มาตรฐานผลิตภัณฑ์อุตสาหกรรม, มอก.","อ้างอิงมอก, อ้างอิงมาตรฐาน",บทที่ 3 หน้า 63
292,ภาคผนวกต้องพิมพ์ไว้ส่วนไหนของเล่มวิทยานิพนธ์ครับ,การพิมพ์ภาคผนวกให้พิมพ์ในหน้าถัดจากภาคเอกสารอ้างอิง,"ภาคผนวก, ตำแหน่งภาคผนวก",พิมพ์ภาคผนวกตรงไหน,บทที่ 3 หน้า 64
293,ถ้ามีภาคผนวกเดียว ต้องเขียนชื่อภาคผนวกยังไงคะ,"ถ้าภาคผนวกมีภาคเดียว ให้ใช้คำว่า ""ภาคผนวก ก"" หรือ ""APPENDIX A"" โดยพิมพ์อยู่กลางหน้ากระดาษ","ภาคผนวก, ภาคผนวกเดียว, APPENDIX A",เขียนภาคผนวกยังไง,บทที่ 3 หน้า 64
294,ถ้ามีภาคผนวกหลายภาค ต้องเขียนชื่อยังไงครับ,"ถ้ามีหลายภาค ให้ใช้เป็น ภาคผนวก ก, ภาคผนวก ข ฯลฯ หรือ APPENDIX A, APPENDIX B ฯลฯ ตามลำดับ และให้ขึ้นหน้าใหม่เมื่อขึ้นภาคผนวกใหม่","ภาคผนวก, หลายภาค, APPENDIX",เขียนภาคผนวกหลายอัน,บทที่ 3 หน้า 64
295,การทำสำเนาวิทยานิพนธ์ใช้วิธีไหนได้บ้างคะ,การทำสำเนาให้ใช้วิธีอัดสำเนาโรเนียว ถ่ายเอกสาร พิมพ์ออฟเซ็ต หรือวิธีอื่น ๆ ที่ให้ความชัดเจนและถูกต้องเช่นเดียวกับต้นฉบับ,"การทำสำเนา, ถ่ายเอกสาร, พิมพ์ออฟเซ็ต","ก๊อปปี้เล่ม, ซีร็อกซ์",บทที่ 3 หน้า 64
296,ลายเซ็นในใบรับรองวิทยานิพนธ์ต้องใช้หมึกสีอะไรครับ,ต้องมีลายมือชื่อจริงของคณะกรรมการสอบวิทยานิพนธ์และอาจารย์ที่ปรึกษาหลัก ด้วยปากกาหมึกสีดำเท่านั้น,"ใบรับรองวิทยานิพนธ์, ลายเซ็น, หมึกสีดำ","เซ็นชื่อสีอะไร, ปากกาสีอะไร",บทที่ 3 หน้า 64
297,ปกนอกและปกในของวิทยานิพนธ์ ถ้าชื่อเรื่องยาวเกิน 1 บรรทัด ต้องจัดหน้ายังไงคะ,กรณีที่หัวข้อวิทยานิพนธ์มีหลายบรรทัด ต้องพิมพ์จัดรูปแบบเป็นรูปสามเหลี่ยมชี้ลง (ไม่ใช่สามเหลี่ยมชี้ขึ้น) ,"ปกนอก, ปกใน, ชื่อเรื่องยาว, สามเหลี่ยมชี้ลง","จัดหน้าปก, ชื่อเรื่องหลายบรรทัด",ภาคผนวก ก หน้า 66
298,ในใบรับรองวิทยานิพนธ์ ตำแหน่งทางวิชาการของกรรมการต้องเขียนตัวย่อหรือตัวเต็มครับ,"ต้องพิมพ์ตำแหน่งทางวิชาการด้วยคำเต็มครับ เช่น ศาสตราจารย์, รองศาสตราจารย์, ผู้ช่วยศาสตราจารย์, อาจารย์ เป็นต้น","ใบรับรองวิทยานิพนธ์, ตำแหน่งทางวิชาการ, คำเต็ม","เขียนตัวย่อได้ไหม, ยศอาจารย์",ภาคผนวก ก หน้า 70
299,ถ้ามีคณะกรรมการสอบวิทยานิพนธ์ 3 คน ต้องจัดรูปแบบใบรับรองยังไงคะ,"ให้มีช่องลงนามสำหรับ ประธานกรรมการ, คณบดีบัณฑิตวิทยาลัย และกรรมการอีก 2 ท่าน ตามแบบฟอร์มของบัณฑิตวิทยาลัย","ใบรับรองวิทยานิพนธ์, คณะกรรมการ 3 คน","กรรมการสามคน, แบบฟอร์มใบรับรอง",ภาคผนวก ก หน้า 70
300,"การเว้นบรรทัดระหว่างคำว่า ""บทคัดย่อ"" กับเนื้อหาบทคัดย่อ ต้องเว้นกี่บรรทัดครับ","ให้พิมพ์คำว่า ""บทคัดย่อ"" กลางหน้ากระดาษ แล้วเว้น 1 บรรทัดก่อนเริ่มพิมพ์เนื้อหาบทคัดย่อ","บทคัดย่อ, การเว้นบรรทัด","เว้นกี่บรรทัด, บดคัดย่อ",ภาคผนวก ก หน้า 85
301,คำสำคัญ (Keywords) ในบทคัดย่อภาษาไทย ต้องเว้นระยะจากบรรทัดสุดท้ายกี่บรรทัดคะ,"ให้เว้น 1 บรรทัดจากข้อความที่ระบุจำนวนหน้าวิทยานิพนธ์ แล้วพิมพ์คำว่า ""คำสำคัญ :"" ","บทคัดย่อ, คำสำคัญ, Keywords, การเว้นบรรทัด","คีเวิด, คีย์เวิร์ด",ภาคผนวก ก หน้า 85
302,การตั้งชื่อไฟล์ข้อมูลวิทยานิพนธ์ สำหรับส่วนปก ต้องตั้งชื่อไฟล์ว่าอะไรครับ,"สำหรับส่วนปก ให้ตั้งชื่อไฟล์ว่า ""01_cov.doc"" ","ไฟล์ข้อมูลวิทยานิพนธ์, ชื่อไฟล์, ส่วนปก","ตั้งชื่อไฟล์ปก, เซฟไฟล์ปก",ภาคผนวก ข หน้า 127
303,ไฟล์บทคัดย่อภาษาไทยและภาษาอังกฤษ ต้องตั้งชื่อไฟล์ว่าอะไรคะ,"บทคัดย่อทั้งภาษาไทยและภาษาอังกฤษ ให้อยู่ในไฟล์เดียวกัน ตั้งชื่อไฟล์ว่า ""02_abs.doc"" ","ไฟล์ข้อมูลวิทยานิพนธ์, ชื่อไฟล์, บทคัดย่อ","ตั้งชื่อไฟล์บทคัดย่อ, เซฟไฟล์",ภาคผนวก ข หน้า 127
304,ไฟล์กิตติกรรมประกาศ ต้องตั้งชื่อไฟล์ว่าอะไรครับ,"สำหรับกิตติกรรมประกาศ ให้ตั้งชื่อไฟล์ว่า ""03_ack.doc"" ","ไฟล์ข้อมูลวิทยานิพนธ์, ชื่อไฟล์, กิตติกรรมประกาศ","ตั้งชื่อไฟล์กิตติกรรม, เซฟไฟล์",ภาคผนวก ข หน้า 127
305,สารบัญ สารบัญตาราง สารบัญภาพ ต้องแยกไฟล์กันไหมคะ,"ไม่ต้องแยกครับ สารบัญ, สารบัญตาราง, สารบัญภาพ และคำอธิบายสัญลักษณ์ ให้รวมอยู่ในไฟล์เดียวกัน ตั้งชื่อไฟล์ว่า ""04_tbc.doc"" ","ไฟล์ข้อมูลวิทยานิพนธ์, ชื่อไฟล์, สารบัญ","ตั้งชื่อไฟล์สารบัญ, เซฟไฟล์สารบัญ",ภาคผนวก ข หน้า 127
306,ไฟล์เนื้อหาบทที่ 1 ถึงบทที่ 5 ต้องตั้งชื่อไฟล์ยังไงครับ,"ให้ตั้งชื่อไฟล์ตามจำนวนบทที่มีและเรียงตามลำดับ เช่น ""05_ch1.doc"", ""05_ch2.doc"", ""05_ch3.doc"", ""05_ch4.doc"", ""05_ch5.doc"" ","ไฟล์ข้อมูลวิทยานิพนธ์, ชื่อไฟล์, เนื้อหาบท","ตั้งชื่อไฟล์บท, เซฟไฟล์เนื้อหา",ภาคผนวก ข หน้า 127
307,ไฟล์บรรณานุกรมหรือเอกสารอ้างอิง ต้องตั้งชื่อไฟล์ว่าอะไรคะ,"สำหรับบรรณานุกรมหรือเอกสารอ้างอิง ให้ตั้งชื่อไฟล์ว่า ""06_ref.doc"" ","ไฟล์ข้อมูลวิทยานิพนธ์, ชื่อไฟล์, บรรณานุกรม","ตั้งชื่อไฟล์อ้างอิง, เซฟไฟล์บรรณานุกรม",ภาคผนวก ข หน้า 127
308,ไฟล์ภาคผนวก ต้องตั้งชื่อไฟล์ยังไงครับ,"ให้ตั้งชื่อไฟล์ตามจำนวนภาคผนวกและเรียงตามลำดับ เช่น ""07_app1.doc"", ""07_app2.doc"", ""07_app3.doc"" ","ไฟล์ข้อมูลวิทยานิพนธ์, ชื่อไฟล์, ภาคผนวก","ตั้งชื่อไฟล์ภาคผนวก, เซฟไฟล์",ภาคผนวก ข หน้า 127
309,ไฟล์ประวัติผู้วิจัย ต้องตั้งชื่อไฟล์ว่าอะไรคะ,"สำหรับประวัติผู้วิจัย ให้ตั้งชื่อไฟล์ว่า ""08_bio.doc"" ","ไฟล์ข้อมูลวิทยานิพนธ์, ชื่อไฟล์, ประวัติผู้วิจัย","ตั้งชื่อไฟล์ประวัติ, เซฟไฟล์",ภาคผนวก ข หน้า 127
310,การส่งแผ่นซีดีบันทึกข้อมูลวิทยานิพนธ์ ต้องบันทึกไฟล์นามสกุลอะไรบ้างครับ,ให้นักศึกษาบันทึกข้อมูลเป็นไฟล์นามสกุล .doc และ .pdf ,"ไฟล์ข้อมูลวิทยานิพนธ์, นามสกุลไฟล์, แผ่นซีดี","เซฟไฟล์อะไร, ไฟล์นามสกุลไหน",ภาคผนวก ข หน้า 127
311,ปกนอกและปกใน ถ้าชื่อเรื่องยาวหลายบรรทัด ต้องจัดเรียงเป็นรูปอะไรคะ,กรณีที่หัวข้อวิทยานิพนธ์มีความยาวหลายบรรทัด ให้จัดรูปแบบการพิมพ์ข้อความเรียงเป็นรูปสามเหลี่ยมชี้ลง,"รูปแบบปก, ปกนอก, ปกใน, สามเหลี่ยมชี้ลง","สามเหลี่ยม, จัดหน้าปก",ภาคผนวก ก หน้า 66
312,ปกในภาษาอังกฤษ ตัวอักษรต้องเป็นพิมพ์เล็กหรือพิมพ์ใหญ่ครับ,ข้อความบนปกในภาษาอังกฤษ ให้พิมพ์ด้วยตัวอักษรภาษาอังกฤษตัวพิมพ์ใหญ่ (Capital Letters) ทั้งหมด,"ปกในภาษาอังกฤษ, ตัวพิมพ์ใหญ่, Capital Letters","พิมพ์ใหญ่, ตัวอักษรปก",ภาคผนวก ก หน้า 68
313,"คำว่า ""ลิขสิทธิ์ของมหาวิทยาลัย..."" บนปกในภาษาอังกฤษ ต้องพิมพ์ว่าอะไรคะ","ให้ใช้ข้อความว่า ""COPYRIGHT OF KING MONGKUT'S UNIVERSITY OF TECHNOLOGY NORTH BANGKOK"" ","ลิขสิทธิ์, ปกในภาษาอังกฤษ, COPYRIGHT","ก๊อปปี้ไรท์, ลิขสิท",ภาคผนวก ก หน้า 68
314,ในใบรับรองวิทยานิพนธ์ ตำแหน่งของกรรมการต้องเขียนย่อหรือเต็มครับ,ต้องพิมพ์ตำแหน่งทางวิชาการเต็มครับ เช่น ศาสตราจารย์ รองศาสตราจารย์ ผู้ช่วยศาสตราจารย์ หรือ อาจารย์ เป็นต้น,"ใบรับรองวิทยานิพนธ์, ตำแหน่งทางวิชาการ, กรรมการสอบ","ตำแหน่งเต็ม, คำนำหน้า",ภาคผนวก ก หน้า 70
315,ใบรับรองวิทยานิพนธ์ภาษาอังกฤษ ตำแหน่งประธานกรรมการ ใช้คำว่าอะไรคะ,"สำหรับตำแหน่งประธานกรรมการในภาษาอังกฤษ ให้ใช้คำว่า ""Chairperson"" ","ใบรับรองวิทยานิพนธ์, ภาษาอังกฤษ, ประธานกรรมการ, Chairperson","ประธาน, แชร์เพอสัน",ภาคผนวก ก หน้า 78
316,ตำแหน่งกรรมการ ในใบรับรองภาษาอังกฤษ ใช้คำว่าอะไรครับ,"สำหรับตำแหน่งกรรมการในภาษาอังกฤษ ให้ใช้คำว่า ""Member"" ","ใบรับรองวิทยานิพนธ์, ภาษาอังกฤษ, กรรมการ, Member","เมมเบอร์, กรรมการสอบ",ภาคผนวก ก หน้า 78
317,คณบดีบัณฑิตวิทยาลัย ในใบรับรองภาษาอังกฤษ ใช้คำว่าอะไรคะ,"สำหรับตำแหน่งคณบดีบัณฑิตวิทยาลัยในภาษาอังกฤษ ให้ใช้คำว่า ""Dean, Graduate College"" ","ใบรับรองวิทยานิพนธ์, ภาษาอังกฤษ, คณบดีบัณฑิตวิทยาลัย, Dean","คณบดี, ดีน",ภาคผนวก ก หน้า 78
318,บทคัดย่อภาษาไทย ต้องมีลายเซ็นของใครบ้างครับ,ต้องมีลายมือชื่อของอาจารย์ที่ปรึกษาวิทยานิพนธ์หลัก โดยลงนามด้วยปากกาหมึกสีดำ,"บทคัดย่อ, ลายเซ็น, อาจารย์ที่ปรึกษา, หมึกสีดำ","เซ็นชื่อ, ลายมือชื่อ",บทที่ 2 หน้า 9
319,คำสำคัญ หรือ Keywords ในบทคัดย่อ มีไว้ทำไมคะ,คำสำคัญ (Keywords) เป็นคำหลักที่ระบุไว้เพื่อประโยชน์ในการทำดรรชนีสำหรับการสืบค้นข้อมูลบนอินเทอร์เน็ต,"บทคัดย่อ, คำสำคัญ, Keywords, การสืบค้นข้อมูล","คีเวิด, คีย์เวิร์ด",บทที่ 2 หน้า 9
320,การเขียนบทคัดย่อ ควรใช้รูปประโยคแบบไหนครับ,ควรใช้ประโยคสมบูรณ์ กระชับ ชัดเจน และแนะนำให้ใช้รูปประโยคแบบอกรรมกริยา (Intransitive Verb) มากกว่าสกรรมกริยา (Transitive Verb) ,"การเขียนบทคัดย่อ, รูปประโยค, อกรรมกริยา","เขียนบทคัดย่อ, ประโยค",บทที่ 2 หน้า 9
321,การเขียนถึงวิธีวิจัยและผลการวิจัยในบทคัดย่อภาษาอังกฤษ ควรใช้ Tense อะไรคะ,ควรใช้คำที่เป็นอดีตกาล (Past Tense) เมื่อกล่าวถึงวิธีดำเนินการวิจัยและผลการวิจัย,"บทคัดย่อภาษาอังกฤษ, วิธีวิจัย, ผลการวิจัย, Past Tense","แกรมม่า, อดีตกาล",บทที่ 2 หน้า 9
322,การสรุปและข้อเสนอแนะในบทคัดย่อภาษาอังกฤษ ควรใช้ Tense อะไรครับ,ควรใช้คำที่เป็นปัจจุบันกาล (Present Tense) เมื่อสรุปและนำผลการวิจัยไปประยุกต์ใช้,"บทคัดย่อภาษาอังกฤษ, สรุปผล, Present Tense","แกรมม่า, ปัจจุบันกาล",บทที่ 2 หน้า 9
323,การเขียนขอบคุณบุคคลในกิตติกรรมประกาศ ใช้ชื่อเล่นได้ไหมคะ,ไม่สามารถใช้ชื่อเล่นได้ครับ การระบุชื่อบุคคลให้ใช้ชื่อจริงพร้อมนามสกุลและคำนำหน้าชื่อ เพื่อความเป็นทางการและถูกหลักวิชาการ,"กิตติกรรมประกาศ, ชื่อบุคคล, ห้ามใช้ชื่อเล่น","ขอบคุณ, ชื่อเล่น",บทที่ 2 หน้า 9
324,ท้ายกิตติกรรมประกาศ ตรงชื่อผู้วิจัย ต้องใส่คำนำหน้าชื่อไหมครับ,ท้ายข้อความกิตติกรรมประกาศ ให้ระบุเพียงชื่อและนามสกุลผู้วิจัย โดยไม่ต้องระบุคำนำหน้าชื่อ (นาย นาง หรือนางสาว) ,"กิตติกรรมประกาศ, ชื่อผู้วิจัย, คำนำหน้าชื่อ","คำนำหน้า, ชื่อคนเขียน",บทที่ 2 หน้า 9
325,"คำว่า ""สารบัญ"" ที่อยู่กลางหน้ากระดาษ ต้องใช้ฟอนต์ขนาดเท่าไหร่คะ",ให้จัดพิมพ์ด้วยตัวอักษรขนาด 16 พอยต์ และใช้รูปแบบตัวหนา (Bold) ,"สารบัญ, ขนาดฟอนต์, ตัวหนา","ฟ้อนต์สารบัญ, ตัวทึบ",บทที่ 2 หน้า 9
326,หน้าสารบัญของวิทยานิพนธ์ภาษาอังกฤษ ใช้คำว่าอะไรครับ,"สำหรับวิทยานิพนธ์ภาษาอังกฤษ ให้ใช้คำว่า ""TABLE OF CONTENTS"" ","สารบัญ, ภาษาอังกฤษ, TABLE OF CONTENTS",สารบัญอังกฤษ,บทที่ 2 หน้า 9
327,สารบัญตาราง ในวิทยานิพนธ์ภาษาอังกฤษ ใช้คำว่าอะไรคะ,"สำหรับสารบัญตารางในวิทยานิพนธ์ภาษาอังกฤษ ให้ใช้คำว่า ""LIST OF TABLES"" ","สารบัญตาราง, ภาษาอังกฤษ, LIST OF TABLES",สารบัญตารางอังกฤษ,บทที่ 2 หน้า 9
328,สารบัญภาพ ในวิทยานิพนธ์ภาษาอังกฤษ ใช้คำว่าอะไรครับ,"สำหรับสารบัญภาพในวิทยานิพนธ์ภาษาอังกฤษ ให้ใช้คำว่า ""LIST OF FIGURES"" ","สารบัญภาพ, ภาษาอังกฤษ, LIST OF FIGURES",สารบัญภาพอังกฤษ,บทที่ 2 หน้า 10
329,คำอธิบายสัญลักษณ์และคำย่อ ภาษาอังกฤษใช้คำว่าอะไรคะ,"สำหรับคำอธิบายสัญลักษณ์และคำย่อในวิทยานิพนธ์ภาษาอังกฤษ ให้ใช้คำว่า ""LIST OF ABBREVIATIONS AND SYMBOLS"" ","คำอธิบายสัญลักษณ์, คำย่อ, ภาษาอังกฤษ",สัญลักษณ์อังกฤษ,บทที่ 2 หน้า 10
330,ถ้าหัวข้อย่อยแบ่งย่อยเกิน 5 ระดับ ในภาษาไทยต้องใช้สัญลักษณ์อะไรครับ,"หากหัวข้อย่อยมีการแบ่งมากกว่า 5 ระดับ ในวิทยานิพนธ์ภาษาไทยให้ใช้ตัวอักษร ก, ข, ค... กำกับตามลำดับ","หัวข้อย่อย, การแบ่งระดับ, ภาษาไทย, ตัวอักษร","ข้อย่อย, ก ข ค",บทที่ 3 หน้า 19
331,ถ้าหัวข้อย่อยแบ่งย่อยเกิน 5 ระดับ ในภาษาอังกฤษต้องใช้อะไรคะ,"สำหรับวิทยานิพนธ์ภาษาอังกฤษ ให้ใช้อักษรภาษาอังกฤษตัวพิมพ์เล็ก คือ a, b, c... กำกับตามลำดับ","หัวข้อย่อย, การแบ่งระดับ, ภาษาอังกฤษ, ตัวพิมพ์เล็ก","ข้อย่อยอังกฤษ, a b c",บทที่ 3 หน้า 19
332,ตารางที่เอามาจากแหล่งอื่น ต้องเขียนที่มาไว้ตรงไหนครับ,ตารางที่อ้างอิงจากแหล่งอื่น ให้เขียนอ้างอิงแหล่งที่มาไว้บริเวณท้ายตารางนั้นๆ ,"ตาราง, การอ้างอิง, แหล่งที่มา","ที่มาตาราง, อ้างอิงตาราง",บทที่ 3 หน้า 20
333,ภาพที่เอามาจากที่อื่น ต้องเขียนอ้างอิงไว้ตรงไหนคะ,ภาพที่อ้างอิงจากแหล่งอื่น ให้เขียนอ้างอิงแหล่งที่มาไว้บริเวณท้ายชื่อภาพหรือคำอธิบายภาพ,"ภาพประกอบ, การอ้างอิง, แหล่งที่มา","ที่มาภาพ, อ้างอิงภาพ",บทที่ 3 หน้า 21
334,เอากาวแปะรูปภาพลงในเล่มวิทยานิพนธ์ได้ไหมครับ,ไม่อนุญาตให้ใช้วิธีการติดภาพด้วยกาวหรือวัสดุอื่นครับ ภาพประกอบทุกภาพจะต้องพิมพ์ลงบนกระดาษให้ชัดเจน,"ภาพประกอบ, การติดภาพ, ห้ามใช้กาว","แปะรูป, ติดรูป",บทที่ 3 หน้า 21
335,ถ้าภาพประกอบเป็นภาพสี ต้องพิมพ์ยังไงคะ,ภาพประกอบที่เป็นภาพสี จะต้องดำเนินการพิมพ์เป็นภาพสีลงบนกระดาษขาวให้มีความชัดเจน,"ภาพประกอบ, ภาพสี, การพิมพ์","พิมพ์สี, ปริ้นสี",บทที่ 3 หน้า 21
336,หมายเลขกำกับสมการ ต้องพิมพ์ไว้ตรงไหนของบรรทัดครับ,หมายเลขกำกับสมการให้พิมพ์ด้วยตัวอักษรธรรมดา (Normal) โดยจัดให้อยู่ชิดขอบกระดาษด้านขวา,"สมการ, หมายเลขกำกับ, ตำแหน่ง","เลขสมการ, พิมพ์สมการ",บทที่ 3 หน้า 21
337,"หลังเครื่องหมายจุลภาค (,) ต้องเคาะเว้นวรรคกี่ครั้งคะ","หลังเครื่องหมายจุลภาค (,) ให้เว้นวรรคเล็ก ซึ่งมีระยะห่างเท่ากับความกว้างของพยัญชนะ หรือ 1 เคาะ","เครื่องหมายวรรคตอน, จุลภาค, การเว้นวรรค, 1 เคาะ","ลูกน้ำ, เว้นวรรค",บทที่ 3 หน้า 17
338,เวลาจบประโยค ต้องเว้นวรรคกี่เคาะครับ,เมื่อจบข้อความแต่ละประโยค ให้เว้นวรรคใหญ่ ซึ่งมีระยะห่างเท่ากับความกว้างของพยัญชนะ หรือ 2 เคาะ,"การเว้นวรรค, จบประโยค, 2 เคาะ","เว้นวรรคใหญ่, เคาะสองที",บทที่ 3 หน้า 17
339,คำนำหน้าชื่อที่เป็นตำแหน่งทางวิชาการ เช่น ศาสตราจารย์ ต้องเว้นวรรคก่อนชื่อไหมคะ,ไม่ต้องเว้นวรรคระหว่างคำนำหน้าชื่อที่เป็นตำแหน่งทางวิชาการกับชื่อครับ เช่น ศาสตราจารย์สมยศ,"การเว้นวรรค, ตำแหน่งทางวิชาการ, คำนำหน้าชื่อ","เว้นวรรคชื่อ, ศาตราจารย์",บทที่ 3 หน้า 17
340,ชื่อบริษัท หรือโรงเรียน ต้องเว้นวรรคก่อนชื่อเฉพาะไหมครับ,ไม่ต้องเว้นวรรคระหว่างคำนำหน้าชื่อที่แสดงฐานะของนิติบุคคลกับชื่อครับ เช่น โรงเรียนช่างกลพระรามเจ็ด,"การเว้นวรรค, นิติบุคคล, ชื่อองค์กร","เว้นวรรคบริษัท, ชื่อโรงเรียน",บทที่ 3 หน้า 17
341,ระหว่างชื่อกับนามสกุล ต้องเว้นวรรคกี่เคาะคะ,ระหว่างชื่อกับนามสกุล ให้เว้นวรรคเล็ก หรือเว้น 1 เคาะ,"การเว้นวรรค, ชื่อและนามสกุล, 1 เคาะ","เว้นชื่อ, เคาะเดียว",บทที่ 3 หน้า 17
342,เวลาพิมพ์ไม่พอแล้วต้องตัดคำขึ้นบรรทัดใหม่ ต้องใส่อะไรไหมครับ,ในการตัดคำเมื่อสิ้นสุดบรรทัด จะต้องใส่เครื่องหมายยัติภังค์ (-) เสมอครับ,"การตัดคำ, สิ้นสุดบรรทัด, ยัติภังค์","ตัดคำ, ขีดกลาง",บทที่ 3 หน้า 18
343,"คำที่ออกเสียงเชื่อมกัน เช่น ""ราชการ"" ตัดคำแยกบรรทัดได้ไหมคะ",คำที่ออกเสียงเชื่อมกัน ไม่สามารถตัดคำแยกบรรทัดได้ครับ เช่น ราช-การ ไม่ควรตัด,"การตัดคำ, คำเชื่อม, ห้ามตัดคำ","ตัดคำผิด, คำเชื่อมเสียง",บทที่ 3 หน้า 18
344,ถ้าเหลืออีกแค่บรรทัดเดียวก็จะจบย่อหน้า แต่สุดหน้ากระดาษพอดี ต้องทำยังไงครับ,หากมีข้อความเหลืออีกเพียงบรรทัดเดียวก็จะจบย่อหน้าเดิม ให้พิมพ์ต่อไปในหน้าเดิมจนจบ แล้วจึงขึ้นย่อหน้าใหม่ในหน้าถัดไป,"การขึ้นหน้าใหม่, ย่อหน้า, บรรทัดสุดท้าย","ตกบรรทัด, ขึ้นหน้าใหม่",บทที่ 3 หน้า 18
345,การพิมพ์คำศัพท์ภาษาอังกฤษในเนื้อหาภาษาไทย ควรใช้ตัวพิมพ์ใหญ่หรือเล็กคะ,ควรขึ้นต้นด้วยตัวพิมพ์ใหญ่ (Capital Letters) ตามด้วยตัวพิมพ์เล็กครับ ไม่ควรใช้ตัวพิมพ์ใหญ่หรือตัวพิมพ์เล็กทั้งหมด ยกเว้นคำที่กำหนดไว้เฉพาะ,"คำภาษาต่างประเทศ, ตัวพิมพ์ใหญ่, ตัวพิมพ์เล็ก","ศัพท์อังกฤษ, พิมพ์ใหญ่",บทที่ 3 หน้า 18
346,อ้างอิงนาม-ปี ถ้าคนแต่งคนเดียวกัน ปีเดียวกัน ภาษาไทยต้องทำยังไงครับ,"ให้ใส่ตัวอักษร ก, ข, ค... กำกับไว้ที่ปีที่พิมพ์ด้วยครับ เพื่อแยกแยะเอกสาร เช่น (ศักดิ์, 2512 ก)","การอ้างอิงนาม-ปี, ผู้แต่งคนเดียวกัน, ภาษาไทย","อ้างอิงซ้ำ, คนแต่งซ้ำ",บทที่ 3 หน้า 24
347,อ้างอิงนาม-ปี คนแต่งคนเดียวกัน ปีเดียวกัน ในภาษาอังกฤษทำยังไงคะ,"ให้ใส่อักษรภาษาอังกฤษตัวพิมพ์เล็ก a, b, c... กำกับไว้ที่ปีที่พิมพ์ด้วยครับ เช่น (2000 a)","การอ้างอิงนาม-ปี, ผู้แต่งคนเดียวกัน, ภาษาอังกฤษ","อ้างอิงซ้ำอังกฤษ, คนแต่งซ้ำ",บทที่ 3 หน้า 24
348,วิทยานิพนธ์ภาษาไทย ต้องเรียงบรรณานุกรมภาษาอะไรก่อนครับ,สำหรับวิทยานิพนธ์ภาษาไทย ให้เรียงลำดับรายการบรรณานุกรมภาษาไทยไว้ก่อน แล้วจึงตามด้วยรายการบรรณานุกรมภาษาอังกฤษ,"บรรณานุกรม, การเรียงลำดับ, ภาษาไทย","เรียงบรรณานุกรม, ไทยก่อน",บทที่ 3 หน้า 24
349,วิทยานิพนธ์ภาษาอังกฤษ ต้องเรียงบรรณานุกรมภาษาอะไรขึ้นก่อนคะ,สำหรับวิทยานิพนธ์ภาษาอังกฤษ ให้เรียงลำดับรายการบรรณานุกรมภาษาอังกฤษไว้ก่อน แล้วจึงตามด้วยรายการบรรณานุกรมภาษาไทย,"บรรณานุกรม, การเรียงลำดับ, ภาษาอังกฤษ",เรียงบรรณานุกรมอังกฤษ,บทที่ 3 หน้า 24
350,บรรณานุกรมที่มีผู้แต่ง 2 ถึง 3 คน ต้องเชื่อมชื่อคนสุดท้ายด้วยคำว่าอะไรครับ,"ให้ใช้คำว่า ""และ"" (หรือ ""and"" สำหรับภาษาอังกฤษ) ก่อนชื่อผู้แต่งคนสุดท้าย","บรรณานุกรม, ผู้แต่งหลายคน, คำเชื่อม","คนแต่งหลายคน, และ",บทที่ 3 หน้า 25
351,บรรณานุกรมภาษาไทย ที่มีผู้แต่ง 4 คนขึ้นไป ต้องเขียนยังไงคะ,"ให้ลงชื่อผู้แต่งคนแรกเพียงคนเดียว แล้วตามด้วยคำว่า ""และคนอื่นๆ"" หรือ ""และคณะ"" ","บรรณานุกรม, ผู้แต่ง 4 คนขึ้นไป, ภาษาไทย","คนแต่งเยอะ, และคณะ",บทที่ 3 หน้า 25
352,บรรณานุกรมภาษาอังกฤษ ที่มีผู้แต่ง 4 คนขึ้นไป ต้องเขียนยังไงครับ,"ให้ลงชื่อผู้แต่งคนแรกเพียงคนเดียว แล้วตามด้วยคำว่า ""et al."" หรือ ""and others"" ","บรรณานุกรม, ผู้แต่ง 4 คนขึ้นไป, ภาษาอังกฤษ","คนแต่งเยอะอังกฤษ, et al",บทที่ 3 หน้า 25
353,บรรณานุกรมภาษาไทย ถ้าไม่ปรากฏสถานที่พิมพ์หรือสำนักพิมพ์ ต้องใส่คำว่าอะไรคะ,กรณีไม่ปรากฏสำนักพิมพ์หรือสถานที่พิมพ์ในเอกสารภาษาไทย ให้ระบุอักษรย่อ (ม.ป.ท.) ,"บรรณานุกรม, ไม่ปรากฏสถานที่พิมพ์, ม.ป.ท.","ไม่มีที่พิมพ์, มปท",บทที่ 3 หน้า 25
354,บรรณานุกรมภาษาอังกฤษ ถ้าไม่มีสถานที่พิมพ์ ต้องใส่คำว่าอะไรครับ,กรณีไม่ปรากฏสำนักพิมพ์หรือสถานที่พิมพ์ในเอกสารภาษาอังกฤษ ให้ระบุอักษรย่อ (n.p.) ,"บรรณานุกรม, ไม่ปรากฏสถานที่พิมพ์, n.p.","ไม่มีที่พิมพ์อังกฤษ, np",บทที่ 3 หน้า 25
355,บรรณานุกรมภาษาไทย ถ้าไม่ปรากฏปีที่พิมพ์ ต้องใส่คำว่าอะไรคะ,กรณีไม่ปรากฏปีที่พิมพ์ในเอกสารภาษาไทย ให้ระบุอักษรย่อ (ม.ป.ป.) ,"บรรณานุกรม, ไม่ปรากฏปีที่พิมพ์, ม.ป.ป.","ไม่มีปีพิมพ์, มปป",บทที่ 3 หน้า 25
356,บรรณานุกรมภาษาอังกฤษ ถ้าไม่มีปีที่พิมพ์ ต้องใส่คำว่าอะไรครับ,กรณีไม่ปรากฏปีที่พิมพ์ในเอกสารภาษาอังกฤษ ให้ระบุอักษรย่อ (n.d.) ,"บรรณานุกรม, ไม่ปรากฏปีที่พิมพ์, n.d.","ไม่มีปีพิมพ์อังกฤษ, nd",บทที่ 3 หน้า 25
357,การพิมพ์บรรณานุกรม หลังจุด (มหัพภาค) ต้องเคาะเว้นวรรคกี่ครั้งคะ,หลังเครื่องหมายมหัพภาค (.- Period) ให้เว้น 2 เคาะครับ ยกเว้นชื่อย่อผู้แต่งภาษาอังกฤษให้เว้น 1 เคาะ,"บรรณานุกรม, การเว้นวรรค, มหัพภาค","เว้นวรรคจุด, เคาะหลังจุด",บทที่ 3 หน้า 25
358,หลังเครื่องหมายอัฒภาค (;) ในบรรณานุกรม ต้องเว้นกี่เคาะครับ,หลังเครื่องหมายอัฒภาค (;- Semi-colon) ให้เว้นระยะ 1 เคาะ,"บรรณานุกรม, การเว้นวรรค, อัฒภาค",เว้นวรรคเซมิโคลอน,บทที่ 3 หน้า 25
359,หน้าและหลังเครื่องหมายทวิภาค (:) ในบรรณานุกรม ต้องเว้นกี่เคาะคะ,ทั้งด้านหน้าและด้านหลังเครื่องหมายมหัพภาคคู่หรือทวิภาค (:- Colon) ให้เว้นระยะ 1 เคาะ,"บรรณานุกรม, การเว้นวรรค, ทวิภาค",เว้นวรรคโคลอน,บทที่ 3 หน้า 25
360,แผ่นซีดีที่ใช้ส่งข้อมูลวิทยานิพนธ์ ต้องใช้แผ่นแบบไหนครับ,ให้นักศึกษาใช้แผ่นซีดีแบบ CD-R 700MB/80MIN ขนาด 12 เซนติเมตร ในการบันทึกข้อมูลเพื่อนำส่งบัณฑิตวิทยาลัย,"แผ่นซีดี, บันทึกข้อมูล, CD-R","ซีดีรอม, ส่งแผ่น",ภาคผนวก ข หน้า 127
361,ถ้าชื่อเรื่องวิทยานิพนธ์ยาวหลายบรรทัด บนหน้าปกต้องจัดเรียงยังไงคะ?,กรณีที่หัวข้อวิทยานิพนธ์มีหลายบรรทัด ต้องจัดเรียงเป็นรูปสามเหลี่ยมชี้ลง,"ชื่อเรื่องยาว, หน้าปก, สามเหลี่ยมชี้ลง","ชื่อเรือง, สามเหลียม",ภาคผนวก ก หน้า 66
362,ข้อความบนปกในภาษาไทย ต้องใช้ฟอนต์ขนาดเท่าไหร่ครับ?,ข้อความบนปกในที่เขียนเป็นภาษาไทยให้ใช้ขนาดตัวอักษร 16 พอยต์ ตัวอักษรธรรมดา (Normal) ,"ปกใน, ภาษาไทย, ขนาดฟอนต์, 16 พอยต์","ปรกใน, ฟ้อน",บทที่ 2 หน้า 8
363,ข้อความบนปกในภาษาอังกฤษ ใช้ฟอนต์อะไร และขนาดเท่าไหร่คะ?,ถ้าเขียนเป็นภาษาอังกฤษให้ใช้ฟอนต์ Times New Roman ขนาด 12 พอยต์ ตัวอักษรธรรมดา และพิมพ์ด้วยตัวพิมพ์ใหญ่ (Capital Letters) ทั้งหมด,"ปกใน, ภาษาอังกฤษ, Times New Roman, 12 พอยต์, ตัวพิมพ์ใหญ่","ปรกใน, ไทมนิวโรมัน",บทที่ 2 หน้า 8
364,บทคัดย่อต้องให้อาจารย์ที่ปรึกษาเซ็นชื่อด้วยไหมครับ?,ต้องให้อาจารย์ที่ปรึกษาวิทยานิพนธ์หลักลงนามอนุมัติด้วยปากกาหมึกสีดำในบทคัดย่อ,"บทคัดย่อ, เซ็นชื่อ, อาจารย์ที่ปรึกษา, หมึกสีดำ","บดคัดย่อ, เซนชื่อ, หมึกดำ",บทที่ 2 หน้า 9
365,การเขียนกิตติกรรมประกาศ มีข้อห้ามอะไรบ้างคะ?,ควรเขียนเป็นภาษาทางวิชาการ ไม่ควรใช้ภาษาพูดและคำสแลง,"กิตติกรรมประกาศ, ข้อห้าม, ภาษาพูด, คำสแลง","กิตติกรรม, คำแสลง",บทที่ 2 หน้า 9
366,ในกิตติกรรมประกาศ ระบุชื่อเล่นของคนที่ช่วยเหลือได้ไหมครับ?,ไม่ได้ครับ การระบุชื่อบุคคลให้ใช้ชื่อจริงพร้อมนามสกุล และคำนำหน้า ห้ามใช้ชื่อเล่น,"กิตติกรรมประกาศ, ชื่อเล่น, ชื่อจริง","กิตติกรรม, ชือเล่น",บทที่ 2 หน้า 9
367,ท้ายกิตติกรรมประกาศ ต้องใส่คำนำหน้าชื่อผู้วิจัยไหมคะ?,ท้ายข้อความให้ระบุชื่อ-สกุลผู้วิจัย โดยไม่ต้องระบุคำนำหน้าชื่อ (นาย นาง หรือนางสาว) ,"กิตติกรรมประกาศ, คำนำหน้าชื่อ, ท้ายข้อความ","กิตติกรรม, คำนำหน้า",บทที่ 2 หน้า 9
368,"คำว่า ""สารบัญ"" ต้องพิมพ์ด้วยฟอนต์แบบไหนครับ?",ให้จัดพิมพ์ขนาดตัวอักษร 16 พอยต์ ตัวหนา (Bold) ,"สารบัญ, ขนาดฟอนต์, ตัวหนา, 16 พอยต์","สารบัน, ฟ้อน",บทที่ 2 หน้า 9
369,สารบัญตาราง พิมพ์ด้วยฟอนต์ขนาดเท่าไหร่คะ?,ให้จัดพิมพ์ขนาดตัวอักษร 16 พอยต์ ตัวหนา (Bold) ครับ,"สารบัญตาราง, ขนาดฟอนต์, ตัวหนา, 16 พอยต์","สารบันตาราง, ฟ้อน",บทที่ 2 หน้า 9
370,สารบัญภาพ พิมพ์ด้วยฟอนต์ขนาดเท่าไหร่ครับ?,ให้จัดพิมพ์ขนาดตัวอักษร 16 พอยต์ ตัวหนา (Bold) ครับ,"สารบัญภาพ, ขนาดฟอนต์, ตัวหนา, 16 พอยต์","สารบันภาพ, ฟ้อน",บทที่ 2 หน้า 10
371,คำอธิบายสัญลักษณ์และคำย่อ ต้องเรียงลำดับยังไงคะ?,ให้พิมพ์เรียงตามลำดับตัวอักษร และใช้สัญลักษณ์หรือคำย่อที่มีความหมายเดียวกันตลอดทั้งเล่ม,"คำอธิบายสัญลักษณ์, คำย่อ, เรียงลำดับตัวอักษร","สัญลัก, คำย่อ",บทที่ 2 หน้า 10
372,บทที่ 1 บทนำ ควรมีหัวข้ออะไรบ้างครับ?,"ควรประกอบด้วย ความเป็นมาและความสำคัญของปัญหา, วัตถุประสงค์, สมมติฐาน (ถ้ามี), ขอบเขตของการวิจัย, ข้อตกลงเบื้องต้น (ถ้ามี), นิยามศัพท์เฉพาะ และประโยชน์ที่คาดว่าจะได้รับ","บทที่ 1, บทนำ, องค์ประกอบ","บดนำ, องประกอบ",บทที่ 2 หน้า 10-11
373,ขอบเขตของการวิจัย นิยมแบ่งเป็นกี่ประเด็นคะ?,"นิยมกำหนดใน 3 ประเด็น คือ เนื้อหาสาระ (Content), พื้นที่หรืออาณาเขต (Area) และ เวลา (Time) ","ขอบเขตการวิจัย, ประเด็น",ขอบเขด,บทที่ 2 หน้า 11
374,งานวิจัยที่เกี่ยวข้องที่นำมาอ้างอิง ควรมีอายุย้อนหลังไม่เกินกี่ปีครับ?,พิจารณาความใหม่หรือความเป็นปัจจุบัน ถ้ามากกว่า 10 ปี ไม่ควรจะนำมาอ้างอิง (ยกเว้นเอกสารที่แสดงทฤษฎีที่เป็นจริง) ,"งานวิจัยที่เกี่ยวข้อง, อายุงานวิจัย, 10 ปี",งานวิจัยเก่า,บทที่ 2 หน้า 12
375,บทที่ 3 วิธีดำเนินการวิจัย ต้องมีหัวข้ออะไรบ้างคะ?,"ควรประกอบด้วย ประชากรและกลุ่มตัวอย่าง, เครื่องมือที่ใช้ในการวิจัย, วิธีการเก็บรวบรวมข้อมูล และการวิเคราะห์ข้อมูลและสถิติที่ใช้","บทที่ 3, วิธีดำเนินการวิจัย, องค์ประกอบ","วิธีดำเนินงาน, องประกอบ",บทที่ 2 หน้า 12-13
376,การเขียนบทที่ 4 ผลการวิจัย ใส่ความคิดเห็นส่วนตัวลงไปได้ไหมครับ?,ไม่ได้ครับ ต้องแปลผลเฉพาะประเด็นสำคัญตามความเป็นจริง และต้องไม่นำความคิดเห็นของผู้วิจัยเข้าไปอธิบายประกอบ,"บทที่ 4, ผลการวิจัย, ความคิดเห็นส่วนตัว","ผลวิจัย, ความเห็น",บทที่ 2 หน้า 13
377,บทที่ 5 ประกอบด้วยหัวข้ออะไรบ้างคะ?,"ประกอบด้วย สรุป (Conclusions), อภิปรายผล (Discussion) และ ข้อเสนอแนะ (Suggestions) ","บทที่ 5, องค์ประกอบ, สรุป, อภิปรายผล, ข้อเสนอแนะ","บดที่ 5, บทสรุป",บทที่ 2 หน้า 13-14
378,การเขียนอภิปรายผล สามารถใส่ความคิดเห็นส่วนตัวได้ไหมครับ?,ได้ครับ ในการอภิปรายผลส่วนนี้ผู้วิจัยสามารถเสนอความคิดเห็นส่วนตัวประกอบได้,"อภิปรายผล, ความคิดเห็นส่วนตัว","อภิปราย, ความเห็น",บทที่ 2 หน้า 14
379,"คำว่า ""บรรณานุกรม"" ต้องพิมพ์ด้วยฟอนต์ขนาดเท่าไหร่คะ?",ให้จัดพิมพ์ขนาดตัวอักษร 20 พอยต์ ตัวหนา (Bold) ,"บรรณานุกรม, ขนาดฟอนต์, 20 พอยต์, ตัวหนา","บันนานุกรม, ฟ้อน",บทที่ 2 หน้า 15
380,ประวัติผู้วิจัย ต้องพิมพ์ด้วยฟอนต์ขนาดเท่าไหร่ และมีข้อมูลอะไรบ้างครับ?,"พิมพ์หัวข้อ ""ประวัติผู้วิจัย"" ด้วยขนาด 16 พอยต์ ตัวหนา ประกอบด้วย ประวัติการศึกษา, ประวัติการทำงาน และสถานที่ติดต่อปัจจุบัน","ประวัติผู้วิจัย, ขนาดฟอนต์, ข้อมูลประวัติ","ประวัติ, ฟ้อน",บทที่ 2 หน้า 15
381,กระดาษที่ใช้พิมพ์วิทยานิพนธ์ ต้องเป็นกระดาษแบบไหนคะ?,ต้องเป็นกระดาษปอนด์ขาวพิเศษ หรือ กระดาษถนอมสายตา ไม่มีเส้นบรรทัด ขนาดมาตรฐาน A4 น้ำหนัก 80 กรัมต่อตารางเมตร,"กระดาษพิมพ์, A4, 80 กรัม, กระดาษถนอมสายตา","กะดาษ, กะดาด",บทที่ 3 หน้า 16
382,การเว้นขอบกระดาษด้านบนและด้านซ้าย ต้องเว้นเท่าไหร่ครับ?,หัวกระดาษเว้น 1.5 นิ้ว (ถ้าขึ้นบทใหม่เว้น 2 นิ้ว) และขอบซ้ายมือเว้น 1.5 นิ้ว,"ขอบกระดาษ, ขอบบน, ขอบซ้าย, ระยะขอบ","ขอบกะดาษ, เว้นขอบ",บทที่ 3 หน้า 16
383,การเว้นขอบกระดาษด้านล่างและด้านขวา ต้องเว้นเท่าไหร่คะ?,ขอบล่างและขอบขวามือ ให้เว้น 1 นิ้ว (2.54 เซนติเมตร) ,"ขอบกระดาษ, ขอบล่าง, ขอบขวา, ระยะขอบ","ขอบกะดาษ, เว้นขอบ",บทที่ 3 หน้า 16
384,ระยะห่างระหว่างบรรทัดของหัวข้อสำคัญ ต้องเว้นเท่าไหร่ครับ?,บรรทัดระหว่างหัวข้อสำคัญให้เว้น 1 บรรทัด (Single Line Spacing) ,"ระยะห่างบรรทัด, หัวข้อสำคัญ, เว้นบรรทัด","เว้นบรรทัด, บรรทัด",บทที่ 3 หน้า 16
385,การย่อหน้า ต้องเว้นระยะจากขอบซ้ายเท่าไหร่คะ?,ให้เว้นระยะจากกรอบพิมพ์ด้านซ้ายมือ 1 เซนติเมตร (0.39 นิ้ว) ,"การย่อหน้า, ระยะย่อหน้า, 1 เซนติเมตร","ย่อหน้า, เว้นย่อหน้า",บทที่ 3 หน้า 16
386,การเว้นวรรคเล็ก คือการเว้นกี่เคาะครับ?,การเว้นวรรคเล็ก มีระยะห่างระหว่างวรรคเท่ากับความกว้างของพยัญชนะ หรือ 1 เคาะ,"เว้นวรรคเล็ก, 1 เคาะ, ระยะห่าง","เว้นวรรค, เคาะ",บทที่ 3 หน้า 16
387,การเว้นวรรคใหญ่ คือเว้นกี่เคาะ และใช้ตอนไหนคะ?,การเว้นวรรคใหญ่ มีระยะห่าง 2 เคาะ ใช้ในกรณีเมื่อจบข้อความแต่ละประโยค,"เว้นวรรคใหญ่, 2 เคาะ, จบประโยค","เว้นวรรค, เคาะ",บทที่ 3 หน้า 17
388,การตัดคำเมื่อหมดบรรทัด ต้องทำยังไงครับ?,ในการตัดคำต้องใส่ยัติภังค์ (-) เสมอ แต่ต้องพิจารณาตัดอย่างรอบคอบ คำที่ออกเสียงเชื่อมกันหรือหน่วยคำเดียวกันไม่ควรตัด,"การตัดคำ, สิ้นสุดบรรทัด, ยัติภังค์","ตัดคำ, ยัติภัง",บทที่ 3 หน้า 18
389,ถ้าพิมพ์มาถึงบรรทัดสุดท้ายของหน้า ต้องเว้นขอบล่างเท่าไหร่คะ?,ให้เว้นขอบล่าง 1 นิ้ว (2.54 เซนติเมตร) ,"บรรทัดสุดท้าย, ขอบล่าง, ขึ้นหน้าใหม่","ขอบล่าง, เว้นขอบ",บทที่ 3 หน้า 18
390,การใส่เลขหน้าในส่วนนำเรื่อง ต้องใช้รูปแบบไหนครับ?,"ใช้ตัวอักษร ก, ข, ค... สำหรับภาษาไทย และ i, ii, iii... สำหรับภาษาอังกฤษ พิมพ์ไว้กลางหน้ากระดาษด้านล่าง ห่างขอบล่าง 0.5 นิ้ว","เลขหน้าส่วนนำ, ก ข ค, เลขโรมัน, ตำแหน่งเลขหน้า","เลกหน้า, ส่วนนำ",บทที่ 3 หน้า 19
391,การใส่เลขหน้าในส่วนเนื้อหา ต้องวางไว้ตรงไหนคะ?,"ใช้ตัวเลขอารบิค 1, 2, 3... พิมพ์ไว้ริมขอบขวาของกรอบกระดาษ ห่างจากขอบบนและขวาด้านละ 1 นิ้ว","เลขหน้าส่วนเนื้อหา, ตำแหน่งเลขหน้า, ริมขอบขวา","เลกหน้า, เลขน่า",บทที่ 3 หน้า 19
392,หน้าแรกของแต่ละบท ต้องใส่เลขหน้าไหมครับ?,ยกเว้นหน้าแรกของบทที่ขึ้นบทใหม่ หน้าแรกของบรรณานุกรม และหน้าแรกของภาคผนวก ไม่ต้องใส่เลขหน้ากำกับแต่ให้นับจำนวนหน้ารวมไปด้วย,"หน้าแรกของบท, เลขหน้า, ไม่ต้องใส่เลขหน้า","เลกหน้า, หน้าแรก",บทที่ 3 หน้า 19
393,"คำว่า ""บทที่"" และชื่อบท ภาษาไทยใช้ฟอนต์ขนาดเท่าไหร่คะ?",ให้ใช้ขนาดตัวอักษร 20 พอยต์ ตัวหนา (Bold) พิมพ์ไว้ตรงกลางหน้ากระดาษ,"บทที่, ชื่อบท, ภาษาไทย, 20 พอยต์, ตัวหนา","บดที่, ฟ้อน",บทที่ 3 หน้า 19
394,"คำว่า ""CHAPTER"" และชื่อบท ภาษาอังกฤษใช้ฟอนต์ขนาดเท่าไหร่ครับ?",วิทยานิพนธ์ภาษาอังกฤษให้ใช้ขนาดตัวอักษร 14 พอยต์ ตัวหนา (Bold) ,"CHAPTER, ชื่อบทภาษาอังกฤษ, 14 พอยต์, ตัวหนา","แชปเตอร์, ฟ้อน",บทที่ 3 หน้า 19
395,หัวข้อสำคัญในแต่ละบท ภาษาไทยใช้ฟอนต์ขนาดเท่าไหร่คะ?,ให้พิมพ์ชิดกรอบกระดาษด้านซ้ายมือ ใช้ขนาดตัวอักษร 16 พอยต์ ตัวหนา (Bold) และไม่ต้องขีดเส้นใต้,"หัวข้อสำคัญ, ภาษาไทย, 16 พอยต์, ตัวหนา, ชิดซ้าย","หัวข้อ, ฟ้อน",บทที่ 3 หน้า 19
396,หัวข้อย่อยที่มีการแบ่งมากกว่า 5 ระดับ ต้องใช้สัญลักษณ์อะไรครับ?,"ให้ใส่ตัวอักษรภาษาไทย ก, ข, ค... สำหรับภาษาไทย และใช้อักษรภาษาอังกฤษตัวพิมพ์เล็ก a, b, c... สำหรับภาษาต่างประเทศ","หัวข้อย่อย, มากกว่า 5 ระดับ, สัญลักษณ์","หัวข้อย่อย, ระดับ",บทที่ 3 หน้า 19
397,"คำว่า ""ตารางที่"" ต้องพิมพ์ยังไงคะ?",ให้พิมพ์ชิดริมกรอบกระดาษซ้ายมือ เป็นตัวอักษรตัวหนา (Bold) ตามด้วยเลขที่ตารางตามบท เช่น ตารางที่ 1-1 ,"ตารางที่, พิมพ์ตัวหนา, ชิดซ้าย, เลขตาราง","ตาราง, พิม",บทที่ 3 หน้า 20
398,ชื่อตาราง ต้องพิมพ์ห่างจากเลขที่ตารางกี่เคาะครับ?,ให้พิมพ์ชื่อตารางต่อจากเลขที่ของตารางโดยเว้นระยะห่าง 2 เคาะ,"ชื่อตาราง, เว้นวรรค, 2 เคาะ","ชือตาราง, เคาะ",บทที่ 3 หน้า 20
399,ถ้าตารางยาวจนต้องขึ้นหน้าใหม่ ต้องพิมพ์หัวตารางยังไงคะ?,ให้พิมพ์เลขที่ตารางตามด้วยคำว่า (ต่อ) เช่น ตารางที่ 1-1 (ต่อ) โดยไม่ต้องใส่ชื่อตาราง และคัดลอกหัวตารางมาจัดพิมพ์ด้วย,"ตารางยาว, ขึ้นหน้าใหม่, ตารางที่ (ต่อ), หัวตาราง","ตารางต่อ, หัวตาราง",บทที่ 3 หน้า 21
400,"คำว่า ""ภาพที่"" และชื่อภาพ ต้องวางไว้ตรงไหนของภาพครับ?",ต้องมีเลขที่ของภาพ และชื่อหรือคำอธิบายภาพกำกับไว้ใต้ภาพประกอบ ตรงกลางหน้ากระดาษ,"ภาพที่, ชื่อภาพ, ใต้ภาพ, กลางหน้ากระดาษ","รูปภาพ, คำอธิบายภาพ",บทที่ 3 หน้า 21
401,ชื่อภาพ ต้องพิมพ์ห่างจากเลขที่ภาพกี่เคาะคะ?,ให้พิมพ์ชื่อภาพต่อจากเลขที่ของภาพโดยเว้นระยะห่าง 2 เคาะ,"ชื่อภาพ, เว้นวรรค, 2 เคาะ","ชือภาพ, เคาะ",บทที่ 3 หน้า 21
402,การพิมพ์เลขสมการ ต้องใช้รูปแบบไหนครับ?,ให้พิมพ์เลขสมการตามบทไว้ในวงเล็บ ด้วยตัวอักษรธรรมดา ชิดขอบด้านขวา เช่น (1-1) หรือ (A-1) ,"เลขสมการ, วงเล็บ, ชิดขวา","สมการ, เลขสมการ",บทที่ 3 หน้า 21
403,การอ้างอิงแบบนาม-ปี ในภาษาไทย ต้องขึ้นต้นด้วยอะไรคะ?,เอกสารอ้างอิงภาษาไทย ให้ขึ้นต้นชื่อผู้แต่งด้วยชื่อต้นเท่านั้น โดยไม่ต้องใส่ชื่อสกุล,"อ้างอิงนาม-ปี, ภาษาไทย, ชื่อต้น","อ้างอิง, นามปี",บทที่ 3 หน้า 22
404,การอ้างอิงแบบนาม-ปี ในภาษาอังกฤษ ต้องขึ้นต้นด้วยอะไรครับ?,เอกสารอ้างอิงภาษาต่างประเทศ ให้ขึ้นต้นชื่อผู้แต่งด้วยชื่อสกุลเท่านั้นเป็นภาษาอังกฤษ โดยไม่ต้องกำกับชื่อภาษาไทยในวงเล็บ,"อ้างอิงนาม-ปี, ภาษาอังกฤษ, ชื่อสกุล","อ้างอิง, นามปีอังกฤษ",บทที่ 3 หน้า 22
405,การคัดลอกข้อความมาอ้างอิง ที่ยาวไม่เกิน 3 บรรทัด ต้องพิมพ์ยังไงคะ?,"ให้พิมพ์ต่อไปในเนื้อหาโดยไม่ต้องขึ้นบรรทัดใหม่ และให้เขียนไว้ในเครื่องหมายอัญประกาศ ("" "") ","คัดลอกข้อความ, ไม่เกิน 3 บรรทัด, อัญประกาศ","คัดลอก, เครื่องหมายคำพูด",บทที่ 3 หน้า 22
406,การคัดลอกข้อความมาอ้างอิง ที่ยาวเกิน 3 บรรทัด ต้องพิมพ์ยังไงครับ?,ให้พิมพ์แยกจากเนื้อหาโดยขึ้นบรรทัดใหม่ ไม่ต้องใส่เครื่องหมายอัญประกาศ และให้พิมพ์ติดต่อกันไปโดยด้านซ้ายของข้อความอยู่ในระดับเสมอย่อหน้า,"คัดลอกข้อความ, เกิน 3 บรรทัด, แยกจากเนื้อหา, ไม่ใส่อัญประกาศ","คัดลอก, เครื่องหมายคำพูด",บทที่ 3 หน้า 22
407,"คำว่า ""บรรณานุกรม"" ต้องพิมพ์ไว้ตรงไหน และขนาดเท่าไหร่คะ?","ให้อยู่ต่อจากส่วนเนื้อหา พิมพ์คำว่า ""บรรณานุกรม"" กลางหน้ากระดาษ ขนาดตัวอักษร 20 พอยต์ ตัวหนา ","บรรณานุกรม, ตำแหน่ง, ขนาดฟอนต์, 20 พอยต์, ตัวหนา","บันนานุกรม, ฟ้อน",บทที่ 3 หน้า 24
408,วิทยานิพนธ์ภาษาไทย ต้องเรียงบรรณานุกรมภาษาอะไรขึ้นก่อนครับ?,ให้เรียงลำดับรายการบรรณานุกรมภาษาไทยไว้ก่อน แล้วจึงตามด้วยรายการบรรณานุกรมภาษาอังกฤษ,"บรรณานุกรม, การเรียงลำดับ, ภาษาไทยขึ้นก่อน","เรียงบรรณานุกรม, บันนานุกรม",บทที่ 3 หน้า 24
409,การเรียงลำดับบรรณานุกรม ใช้หลักเกณฑ์อะไรคะ?,ยึดวิธีการเรียงลำดับตามแบบพจนานุกรมฉบับราชบัณฑิตยสถาน โดยเรียงตามลำดับตัวอักษรตัวแรกของรายการที่อ้างอิง ,"บรรณานุกรม, การเรียงลำดับ, พจนานุกรมราชบัณฑิตยสถาน","เรียงบรรณานุกรม, บันนานุกรม",บทที่ 3 หน้า 24
410,การพิมพ์บรรณานุกรมบรรทัดที่สอง ต้องย่อหน้าเท่าไหร่ครับ?,หากมีข้อความที่จะต้องพิมพ์ต่อจากบรรทัดแรก ให้พิมพ์บรรทัดต่อไปโดยย่อหน้าเว้นระยะ 1.5 เซนติเมตร (0.59 นิ้ว)  ,"บรรณานุกรม, การย่อหน้า, บรรทัดที่สอง, 1.5 เซนติเมตร","ย่อหน้าบรรณานุกรม, บันนานุกรม",บทที่ 3 หน้า 24
411,คำย่อ comp. ในบรรณานุกรม หมายถึงอะไรครับ?,คำย่อ comp. ย่อมาจาก compiler หมายถึง ผู้รวบรวม,"คำย่อ, comp., compiler, ผู้รวบรวม","คำย่อ comp, คอมไพเลอร์",บทที่ 3 หน้า 25
412,คำย่อ ed. ย่อมาจากอะไร ใช้ตอนไหนคะ?,คำย่อ ed. ย่อมาจาก editor หมายถึง บรรณาธิการ หรือผู้จัดพิมพ์,"คำย่อ, ed., editor, บรรณาธิการ","คำย่อ ed, เอดิเตอร์",บทที่ 3 หน้า 25
413,ถ้าจะเขียนว่า พิมพ์ครั้งที่ 2 ในบรรณานุกรมภาษาอังกฤษ ต้องใช้คำย่ออะไรครับ?,ใช้คำย่อ 2nd ed. ซึ่งย่อมาจาก second edition,"พิมพ์ครั้งที่ 2, คำย่อ, 2nd ed., second edition","พิมครั้งที่ 2, 2nd ed",บทที่ 3 หน้า 25
414,คำว่า et al. มีความหมายว่ายังไงคะ?,et al. ย่อมาจาก et alii หมายถึง และคณะ หรือ คนอื่น ๆ (and others),"คำย่อ, et al., et alii, และคณะ, คนอื่น ๆ","et al, เอท อัล",บทที่ 3 หน้า 25
415,ibid ย่อมาจากอะไร และแปลว่าอะไรครับ?,ibid ย่อมาจาก ibidem หมายถึง เรื่องเดียวกัน (in the same place),"คำย่อ, ibid, ibidem, เรื่องเดียวกัน","ไอวิด, อิบิด",บทที่ 3 หน้า 25
416,ถ้าหนังสือไม่มีปีที่พิมพ์ ภาษาอังกฤษต้องใช้คำย่ออะไรคะ?,ใช้คำย่อ n.d. ซึ่งย่อมาจาก no date (ภาษาไทยใช้ ม.ป.ป.),"ไม่มีปีที่พิมพ์, ไม่ปรากฏปีที่พิมพ์, n.d., no date","เอ็นดี, n.d",บทที่ 3 หน้า 25
417,n.p. ในบรรณานุกรม ย่อมาจากอะไรครับ?,n.p. ย่อมาจาก no place หมายถึง ไม่ปรากฏสถานที่พิมพ์ (ภาษาไทยใช้ ม.ป.ท.),"ไม่มีสถานที่พิมพ์, ไม่ปรากฏสถานที่พิมพ์, n.p., no place","เอ็นพี, n.p",บทที่ 3 หน้า 25
418,ถ้าจะย่อคำว่า หน้า ที่มีหลายหน้า ในภาษาอังกฤษต้องใช้คำย่ออะไรคะ?,ใช้คำย่อ pp. ซึ่งเป็นพหูพจน์ของ p. (page),"หน้า, คำย่อหน้า, หลายหน้า, pp., page","พีพี, หน้าหนังสือ",บทที่ 3 หน้า 25
419,คำย่อ tr. ย่อมาจากอะไรครับ?,tr. ย่อมาจาก translator หมายถึง ผู้แปล หรือ translated by หมายถึง แปลโดย,"คำย่อ, tr., translator, ผู้แปล, แปลโดย","ทีอาร์, คนแปล",บทที่ 3 หน้า 26
420,คำย่อ vol. และ vols. ใช้งานต่างกันยังไงคะ?,vol. ย่อมาจาก volume หมายถึง เล่มที่ (เช่น vol. 4) ส่วน vols. หมายถึง จำนวนเล่ม (เช่น 4 vols.),"คำย่อ, vol., vols., volume, เล่มที่, จำนวนเล่ม","วอลุ่ม, เล่ม",บทที่ 3 หน้า 26
421,การอ้างอิงแบบตัวเลข ต้องใส่ตัวเลขไว้ตรงไหนของข้อความครับ?,ให้ใส่ตัวเลขกำกับไว้ท้ายข้อความ หรือชื่อบุคคลที่อ้างอิงด้วยตัวเลขอารบิคในเครื่องหมายวงเล็บสี่เหลี่ยม [ ],"อ้างอิงแบบตัวเลข, วงเล็บสี่เหลี่ยม, ตำแหน่งตัวเลข","อ้างอิงตัวเลข, วงเล็บเหลี่ยม",บทที่ 3 หน้า 26
422,ตัวเลขในการอ้างอิงแบบตัวเลข ต้องเรียงลำดับยังไงคะ?,ตัวเลขจะต้องเรียงลำดับตั้งแต่เลข 1 เป็นต้นไปจนจบเล่ม,"อ้างอิงแบบตัวเลข, การเรียงลำดับ, ลำดับตัวเลข","เรียงเลข, อ้างอิงตัวเลข",บทที่ 3 หน้า 26
423,ถ้ามีการอ้างอิงแหล่งเดิมซ้ำในระบบตัวเลข ต้องทำยังไงครับ?,ในกรณีที่มีการอ้างอิงซ้ำ ให้ใช้ตัวเลขเดิมที่เคยใช้อ้างอิงมาก่อนแล้ว,"อ้างอิงซ้ำ, อ้างอิงแบบตัวเลข, ตัวเลขเดิม","อ้างอิงซ้ำ, เลขเดิม",บทที่ 3 หน้า 26
424,การพิมพ์เอกสารอ้างอิงท้ายเล่มในระบบตัวเลข ต้องเรียงตามตัวอักษรไหมคะ?,ให้เรียงลำดับเอกสารอ้างอิงตามลำดับหมายเลขที่ได้กำกับไว้ภายในเครื่องหมายวงเล็บสี่เหลี่ยม [ ] โดยไม่ต้องเรียงตัวอักษร,"เอกสารอ้างอิงท้ายเล่ม, ระบบตัวเลข, การเรียงลำดับ, ไม่ต้องเรียงตัวอักษร","เรียงเอกสารอ้างอิง, เรียงบรรณานุกรม",บทที่ 3 หน้า 27
425,การอ้างอิงท้ายเล่มในระบบตัวเลข ต้องแยกภาษาและประเภทของเอกสารไหมครับ?,การอ้างอิงไม่ต้องแยกภาษาและประเภทของเอกสาร,"เอกสารอ้างอิงท้ายเล่ม, ระบบตัวเลข, การแยกภาษา, การแยกประเภท","แยกภาษา, แยกประเภทเอกสาร",บทที่ 3 หน้า 27
426,การเขียนบรรณานุกรมแบบ APA นิยมใช้ในสาขาอะไรคะ?,แบบ APA (American Psychological Association) นิยมใช้เขียนกันในงานด้านสังคมศาสตร์และวิทยาศาสตร์,"บรรณานุกรม, APA, สังคมศาสตร์, วิทยาศาสตร์","เอพีเอ, รูปแบบ apa",บทที่ 3 หน้า 28
427,การเขียนบรรณานุกรมแบบ MLA นิยมใช้ในสาขาอะไรครับ?,แบบ MLA (Modern Language Association) นิยมใช้เขียนกันในงานด้านมนุษยศาสตร์ โดยเฉพาะด้านภาษาและวรรณคดี,"บรรณานุกรม, MLA, มนุษยศาสตร์, ภาษา, วรรณคดี","เอ็มแอลเอ, รูปแบบ mla",บทที่ 3 หน้า 28
428,การพิมพ์บรรณานุกรม หลังเครื่องหมายมหัพภาค (.) ต้องเว้นกี่เคาะคะ?,เว้น 2 เคาะ (ยกเว้นชื่อย่อผู้แต่งภาษาอังกฤษให้เว้น 1 เคาะ),"บรรณานุกรม, มหัพภาค, จุด, การเว้นเคาะ","เว้นวรรคจุด, เคาะหลังจุด",บทที่ 3 หน้า 28
429,"หลังเครื่องหมายจุลภาค (,) ในบรรณานุกรม ต้องเว้นกี่เคาะครับ?","หลังเครื่องหมายจุลภาค (,) ให้เว้น 1 เคาะ","บรรณานุกรม, จุลภาค, ลูกน้ำ, การเว้นเคาะ","เว้นวรรคลูกน้ำ, เคาะหลังลูกน้ำ",บทที่ 3 หน้า 28
430,การเขียนบรรณานุกรมหนังสือภาษาไทย ผู้แต่ง 1 คน ต้องลงชื่อยังไงคะ?,ให้ลงชื่อต้นก่อน แล้วตามด้วยนามสกุล,"บรรณานุกรม, หนังสือภาษาไทย, ผู้แต่ง 1 คน, ชื่อต้น, นามสกุล","ชื่อผู้แต่ง, เขียนชื่อบรรณานุกรม",บทที่ 3 หน้า 28
431,ถ้าหนังสือมีผู้แต่ง 2 คน ต้องใช้คำเชื่อมว่าอะไรครับ?,"ให้ลงชื่อผู้แต่งทุกคนโดยใช้คำว่า ""และ"" (หรือ and) ก่อนชื่อผู้แต่งคนสุดท้าย","บรรณานุกรม, ผู้แต่ง 2 คน, คำเชื่อม, และ, and","ผู้แต่งสองคน, คำเชื่อมและ",บทที่ 3 หน้า 29
432,ถ้าหนังสือมีผู้แต่งมากกว่า 4 คน ต้องเขียนยังไงคะ?,"ให้ลงชื่อผู้แต่งคนแรก ตามด้วยคำว่า ""และคนอื่น ๆ"" (หรือและคณะ หรือ et al. หรือ and others)","บรรณานุกรม, ผู้แต่ง 4 คนขึ้นไป, และคนอื่น ๆ, และคณะ","ผู้แต่งหลายคน, ผู้แต่งมากกว่า 4",บทที่ 3 หน้า 29
433,การเขียนบรรณานุกรมหน่วยงานราชการ ต้องเขียนยังไงครับ?,"ให้ลงชื่อหน่วยงาน คั่นด้วยเครื่องหมายจุลภาค (,) และตามด้วยฐานะของหน่วยงาน เช่น การศึกษานอกโรงเรียน, กรม","บรรณานุกรม, นิติบุคคล, หน่วยงานราชการ, ฐานะของหน่วยงาน","อ้างอิงหน่วยงาน, อ้างอิงกรม",บทที่ 3 หน้า 30
434,ถ้าอ้างอิงหนังสือที่ผู้แต่งมีฐานันดรศักดิ์ ต้องใส่ไว้ตรงไหนคะ?,"ให้ใส่ราชทินนาม ฐานันดรศักดิ์ สมณศักดิ์ นั้น ไว้ข้างหลังชื่อ โดยหลังชื่อผู้แต่งให้ใส่เครื่องหมายจุลภาค (,) เช่น ดำรงราชานุภาพ, สมเด็จกรมพระยา","บรรณานุกรม, ฐานันดรศักดิ์, ราชทินนาม, สมณศักดิ์","อ้างอิงเจ้านาย, อ้างอิงพระ",บทที่ 3 หน้า 30
435,คำนำหน้าชื่อ เช่น นาย นาง ยศ หรือตำแหน่งทางวิชาการ ต้องใส่ในบรรณานุกรมไหมครับ?,ไม่ต้องระบุคำนำหน้านาม เช่น นาย นาง ยศ หรือตำแหน่งทางวิชาการ ยกเว้น นามแฝง,"บรรณานุกรม, คำนำหน้านาม, ยศ, ตำแหน่งทางวิชาการ, นามแฝง","คำนำหน้าชื่อ, ใส่ยศไหม",บทที่ 3 หน้า 31
436,ถ้าหนังสือไม่ปรากฏชื่อผู้แต่ง มีแต่บรรณาธิการ ต้องทำยังไงคะ?,ให้ลงชื่อบรรณาธิการ และตามด้วยคำว่า (บรรณาธิการ) หรือ (editor) หรือ (ed.),"บรรณานุกรม, ไม่มีชื่อผู้แต่ง, บรรณาธิการ, editor","ไม่มีผู้แต่ง, มีแต่บรรณาธิการ",บทที่ 3 หน้า 31
437,หนังสือที่ไม่ปรากฏสถานที่พิมพ์ ภาษาไทยต้องใช้คำย่ออะไรครับ?,ให้ระบุ (ม.ป.ท.),"บรรณานุกรม, ไม่ปรากฏสถานที่พิมพ์, ม.ป.ท.","ไม่มีที่พิมพ์, มปท",บทที่ 3 หน้า 32
438,หนังสือที่ไม่ปรากฏปีที่พิมพ์ ภาษาไทยต้องใช้คำย่ออะไรคะ?,ให้ระบุ (ม.ป.ป.),"บรรณานุกรม, ไม่ปรากฏปีที่พิมพ์, ม.ป.ป.","ไม่มีปีพิมพ์, มปป",บทที่ 3 หน้า 32
439,การอ้างอิงหนังสือแปล ต้องเขียนยังไงครับ?,ให้ลงชื่อผู้แต่งดั้งเดิม ตามด้วยปีที่พิมพ์ฉบับแปล ชื่อหนังสือฉบับแปล และระบุชื่อผู้แปล เช่น แปลโดย... หรือ Translated by...,"บรรณานุกรม, หนังสือแปล, ชื่อผู้แปล","อ้างอิงหนังสือแปล, คนแปล",บทที่ 3 หน้า 33
440,การเขียนบรรณานุกรมราชกิจจานุเบกษา ต้องขึ้นต้นด้วยอะไรคะ?,"ให้ขึ้นต้นด้วยคำว่า ""ราชกิจจานุเบกษา.""","บรรณานุกรม, ราชกิจจานุเบกษา","อ้างอิงราชกิจจา, ราชกิจจา",บทที่ 3 หน้า 34
441,การอ้างอิงวิทยานิพนธ์ ต้องระบุอะไรบ้างครับ?,"ระบุชื่อผู้แต่ง, ปีที่พิมพ์, ชื่อเรื่องวิทยานิพนธ์, ระดับวิทยานิพนธ์, สาขาวิชา, ภาควิชา, คณะ และมหาวิทยาลัย/สถาบัน","บรรณานุกรม, วิทยานิพนธ์, องค์ประกอบ","อ้างอิงวิทยานิพนธ์, อ้างอิงธีสิส",บทที่ 3 หน้า 34
442,การอ้างอิงการสัมภาษณ์ ต้องระบุข้อมูลอะไรบ้างคะ?,"ระบุชื่อผู้ให้สัมภาษณ์, วัน เดือน ปีที่สัมภาษณ์, ตำแหน่งผู้ให้สัมภาษณ์ (ถ้ามี) และคำว่า ""สัมภาษณ์"" หรือ ""Interview""","บรรณานุกรม, การสัมภาษณ์, ผู้ให้สัมภาษณ์","อ้างอิงสัมภาษณ์, สัมภาษณ์ใคร",บทที่ 3 หน้า 36
443,การอ้างอิงบทความในวารสาร ต้องมีข้อมูลอะไรบ้างครับ?,"ระบุชื่อผู้แต่ง, ปีที่พิมพ์, ชื่อบทความ, ชื่อวารสาร, ปีที่หรือเล่มที่, ฉบับที่ และเลขหน้า","บรรณานุกรม, บทความในวารสาร, องค์ประกอบ","อ้างอิงวารสาร, อ้างอิงเจอร์นัล",บทที่ 3 หน้า 36
444,การอ้างอิงบทความจากหนังสือพิมพ์ ต้องระบุอะไรบ้างคะ?,"ระบุชื่อผู้เขียน, วัน เดือน ปีที่พิมพ์, ชื่อบทความหรือชื่อข่าว, ชื่อหนังสือพิมพ์ และเลขหน้า","บรรณานุกรม, บทความในหนังสือพิมพ์, องค์ประกอบ","อ้างอิงหนังสือพิมพ์, อ้างอิงข่าว",บทที่ 3 หน้า 37
445,การอ้างอิงข้อมูลจากเว็บไซต์ ต้องระบุวันที่สืบค้นไหมครับ?,ต้องระบุ [สืบค้นวัน เดือน ปีที่อ้าง] หรือ [cited ...] และระบุ URL ของเว็บไซต์,"บรรณานุกรม, เว็บไซต์, อินเทอร์เน็ต, วันที่สืบค้น, URL","อ้างอิงเว็บ, อ้างอิงอินเทอร์เน็ต",บทที่ 3 หน้า 41
446,การอ้างอิงสิทธิบัตร ต้องมีข้อมูลอะไรบ้างคะ?,"ระบุชื่อผู้จดสิทธิบัตร, วัน เดือน ปีที่ได้รับการจดสิทธิบัตร, ชื่อวิธีหรือสิ่งประดิษฐ์, ประเทศที่จดสิทธิบัตร และหมายเลขของสิทธิบัตร","บรรณานุกรม, สิทธิบัตร, องค์ประกอบ","อ้างอิงสิทธิบัตร, สิทธิบัตร",บทที่ 3 หน้า 42
447,การอ้างอิงแผนที่ ต้องระบุมาตราส่วนไหมครับ?,"ให้ระบุชื่อผู้จัดทำ, ปีที่พิมพ์, ชื่อแผนที่ และมาตราส่วน (ถ้ามี)","บรรณานุกรม, แผนที่, มาตราส่วน","อ้างอิงแผนที่, มาตราส่วนแผนที่",บทที่ 3 หน้า 43
448,มาตรฐานผลิตภัณฑ์อุตสาหกรรม (มอก.) อ้างอิงยังไงคะ?,"ระบุสำนักงานมาตรฐานผลิตภัณฑ์อุตสาหกรรม, ปีที่ออกประกาศ, ชื่อมาตรฐานผลิตภัณฑ์อุตสาหกรรม และเลขที่ มอก.","บรรณานุกรม, มาตรฐานผลิตภัณฑ์อุตสาหกรรม, มอก.","อ้างอิงมอก, อ้างอิงมาตรฐาน",บทที่ 3 หน้า 45
449,ถ้ามีภาคผนวกเดียว ต้องพิมพ์ยังไงครับ?,"ให้ใช้คำว่า ""ภาคผนวก ก"" หรือ ""APPENDIX A"" (ไม่ใช้ตัวหนา) พิมพ์อยู่กลางหน้ากระดาษ","ภาคผนวกเดียว, การพิมพ์ภาคผนวก, APPENDIX A","ภาคผนวกก, ภาคผนวกเดียว",บทที่ 3 หน้า 64
450,การทำสำเนาวิทยานิพนธ์ ใช้วิธีไหนได้บ้างคะ?,ใช้วิธีอัดสำเนาโรเนียว ถ่ายเอกสาร พิมพ์ออฟเซ็ตหรือวิธีอื่น ๆ ที่ให้ความชัดเจนและถูกต้องเช่นเดียวกับต้นฉบับ,"การทำสำเนา, ถ่ายเอกสาร, พิมพ์ออฟเซ็ต","ทำสำเนา, ก๊อปปี้เล่ม",บทที่ 3 หน้า 64
451,ลายเซ็นในใบรับรองวิทยานิพนธ์ของเล่มสำเนา ใช้หมึกสีอะไรครับ?,ต้องมีลายมือชื่อจริงของคณะกรรมการสอบวิทยานิพนธ์ และอาจารย์ที่ปรึกษาวิทยานิพนธ์หลัก ด้วยปากกาหมึกสีดำ,"ลายเซ็น, เล่มสำเนา, ใบรับรองวิทยานิพนธ์, หมึกสีดำ","เซ็นชื่อสีอะไร, หมึกดำ",บทที่ 3 หน้า 64
452,แผ่นซีดีบันทึกข้อมูลวิทยานิพนธ์ ต้องใช้แผ่นแบบไหนคะ?,จัดส่งแผ่นซีดีแบบ CD-R 700MB/80MIN ขนาด 12 เซนติเมตร,"แผ่นซีดี, บันทึกข้อมูลวิทยานิพนธ์, CD-R, ขนาดแผ่นซีดี","ซีดีวิทยานิพนธ์, แผ่น cd",ภาคผนวก ข หน้า 127
453,ข้อมูลในแผ่นซีดี ต้องบันทึกเป็นไฟล์นามสกุลอะไรครับ?,บันทึกข้อมูลเป็นไฟล์นามสกุล .doc และ .pdf,"นามสกุลไฟล์, แผ่นซีดี, .doc, .pdf","ไฟล์นามสกุลอะไร, เซฟไฟล์",ภาคผนวก ข หน้า 127
454,ไฟล์หน้าปกวิทยานิพนธ์ ต้องตั้งชื่อไฟล์ว่าอะไรคะ?,ตั้งชื่อไฟล์ว่า 01_cov.doc,"ชื่อไฟล์, หน้าปก, 01_cov.doc","ชื่อไฟล์ปก, ไฟล์ปก",ภาคผนวก ข หน้า 127
455,ไฟล์บทคัดย่อภาษาไทยและอังกฤษ ต้องตั้งชื่อไฟล์ว่าอะไรครับ?,ตั้งชื่อไฟล์ว่า 02_abs.doc,"ชื่อไฟล์, บทคัดย่อ, 02_abs.doc","ชื่อไฟล์บทคัดย่อ, ไฟล์บทคัดย่อ",ภาคผนวก ข หน้า 127
456,ไฟล์กิตติกรรมประกาศ ต้องตั้งชื่อไฟล์ว่าอะไรคะ?,ตั้งชื่อไฟล์ว่า 03_ack.doc,"ชื่อไฟล์, กิตติกรรมประกาศ, 03_ack.doc","ชื่อไฟล์กิตติกรรม, ไฟล์กิตติกรรม",ภาคผนวก ข หน้า 127
457,ไฟล์สารบัญ สารบัญตาราง และสารบัญภาพ ต้องแยกไฟล์ไหมครับ?,กำหนดให้อยู่ในไฟล์เดียวกัน และตั้งชื่อไฟล์ว่า 04_tbc.doc,"ชื่อไฟล์, สารบัญ, สารบัญตาราง, สารบัญภาพ, 04_tbc.doc","ไฟล์สารบัญ, แยกไฟล์สารบัญไหม",ภาคผนวก ข หน้า 127
458,ไฟล์บทที่ 1 ถึงบทที่ 5 ต้องตั้งชื่อยังไงคะ?,"กำหนดชื่อไฟล์ตามจำนวนบทที่มี และเรียงตามลำดับ เช่น 05_ch1.doc, 05_ch2.doc จนถึง 05_ch5.doc","ชื่อไฟล์, บทที่ 1-5, การตั้งชื่อไฟล์บท","ไฟล์เนื้อหา, ไฟล์บทที่",ภาคผนวก ข หน้า 127
459,ไฟล์บรรณานุกรม ต้องตั้งชื่อไฟล์ว่าอะไรครับ?,ตั้งชื่อไฟล์ว่า 06_ref.doc,"ชื่อไฟล์, บรรณานุกรม, เอกสารอ้างอิง, 06_ref.doc","ไฟล์บรรณานุกรม, ไฟล์อ้างอิง",ภาคผนวก ข หน้า 127
460,ไฟล์ภาคผนวกและประวัติผู้วิจัย ต้องตั้งชื่อว่าอะไรคะ?,"ภาคผนวกตั้งชื่อตามลำดับ เช่น 07_app1.doc, 07_app2.doc ส่วนประวัติผู้วิจัยตั้งชื่อว่า 08_bio.doc","ชื่อไฟล์, ภาคผนวก, ประวัติผู้วิจัย, 07_app, 08_bio.doc","ไฟล์ภาคผนวก, ไฟล์ประวัติ",ภาคผนวก ข หน้า 127
461,คู่มือนี้ใช้สำหรับทำอะไร มีภาพรวมเนื้อหาเกี่ยวกับอะไรบ้าง?,เป็นคู่มือที่แนะนำขั้นตอน รูปแบบ และหลักเกณฑ์การจัดทำวิทยานิพนธ์ของบัณฑิตวิทยาลัย มหาวิทยาลัยเทคโนโลยีพระจอมเกล้าพระนครเหนือ ตั้งแต่เริ่มเสนอโครงการจนถึงการส่งเล่มสมบูรณ์,"ภาพรวม, คู่มือวิทยานิพนธ์, สรุปเนื้อหา","คุ่มือ, วิทยานิพน, ภาพรว่ม",บทที่ 1-3
462,ขั้นตอนหลักๆ ตั้งแต่เริ่มจนจบการทำวิทยานิพนธ์มีอะไรบ้าง?,ประกอบด้วย 5 ขั้นตอนหลัก คือ 1. การเสนอโครงการ 2. การสอบหัวข้อ 3. การสอบความก้าวหน้า 4. การสอบป้องกัน และ 5. การส่งเล่มวิทยานิพนธ์ฉบับสมบูรณ์,"ขั้นตอนการทำวิทยานิพนธ์, ภาพรวมขั้นตอน, ลำดับขั้นตอน","ขันตอน, วิทยานิพน, ลำดับการทำ",บทที่ 1 หน้า 5-7
463,โครงสร้างหลักของเล่มวิทยานิพนธ์แบ่งเป็นกี่ส่วน อะไรบ้าง?,แบ่งเป็น 3 ส่วนหลัก ได้แก่ 1. ส่วนนำ 2. ส่วนเนื้อหา และ 3. ส่วนอ้างอิงหรือส่วนท้าย,"โครงสร้างวิทยานิพนธ์, ส่วนประกอบหลัก, ภาพรวมเล่ม","โครงส้าง, ส่วนประกอบเล่ม",บทที่ 2 หน้า 8
464,ส่วนนำของวิทยานิพนธ์มีองค์ประกอบอะไรบ้าง?,ประกอบด้วย ปกนอก สันปก กระดาษเปล่า ใบรับรองวิทยานิพนธ์ ปกใน บทคัดย่อ กิตติกรรมประกาศ สารบัญ สารบัญตาราง สารบัญภาพ และคำอธิบายสัญลักษณ์,"ส่วนนำ, องค์ประกอบส่วนนำ, หน้าแรกๆ","ส่วนนัม, องประกอบ",บทที่ 2 หน้า 8-10
465,ส่วนเนื้อหาของวิทยานิพนธ์โดยมาตรฐานมีกี่บท อะไรบ้าง?,"โดยทั่วไปมี 5 บท คือ บทที่ 1 บทนำ, บทที่ 2 เอกสารและงานวิจัยที่เกี่ยวข้อง, บทที่ 3 วิธีดำเนินการวิจัย, บทที่ 4 ผลการวิจัย และ บทที่ 5 สรุป อภิปรายผล และข้อเสนอแนะ","ส่วนเนื้อหา, บทวิทยานิพนธ์, โครงสร้างบท","ส่วนเนื่อหา, บทวิจัย",บทที่ 2 หน้า 10-14
466,ส่วนอ้างอิงหรือส่วนท้ายของเล่มประกอบด้วยอะไรบ้าง?,ประกอบด้วย บรรณานุกรมหรือเอกสารอ้างอิง ภาคผนวก (ถ้ามี) และประวัติผู้วิจัย,"ส่วนอ้างอิง, ส่วนท้าย, องค์ประกอบส่วนท้าย","อ้างอิง, ภาคผนวก",บทที่ 2 หน้า 15
467,กฎระเบียบพื้นฐานเรื่องกระดาษและฟอนต์ที่ใช้พิมพ์คืออะไร?,ใช้กระดาษ A4 สีขาว 80 กรัม ฟอนต์ภาษาไทยใช้ขนาด 16 พอยต์ (เช่น TH SarabunPSK) ส่วนภาษาอังกฤษใช้ Times New Roman ขนาด 12 พอยต์,"กฎพื้นฐาน, กระดาษ, ฟอนต์มาตรฐาน","กะดาษ, ฟ้อน, ขนาดฟ้อน",บทที่ 3 หน้า 16
468,ภาพรวมการตั้งค่าหน้ากระดาษและระยะขอบต้องเว้นเท่าไหร่?,ขอบบนเว้น 1.5 นิ้ว (ถ้าขึ้นบทใหม่เว้น 2 นิ้ว) ขอบซ้ายเว้น 1.5 นิ้ว ส่วนขอบล่างและขอบขวาเว้น 1 นิ้ว,"การตั้งค่าหน้ากระดาษ, ระยะขอบ, กั้นหน้า","ขอบกะดาษ, กั้นน่า",บทที่ 3 หน้า 16
469,การเขียนอ้างอิงในเนื้อหาวิทยานิพนธ์มีกี่ระบบที่ใช้ได้?,มี 2 ระบบหลัก คือ ระบบการอ้างอิงแบบนาม-ปี และระบบการอ้างอิงแบบตัวเลข,"ระบบอ้างอิง, อ้างอิงในเนื้อหา, นาม-ปี, ตัวเลข","อ้างอิงเนื้อหา, แบบตัวเลก","บทที่ 3 หน้า 22, 26"
470,การเขียนบรรณานุกรมท้ายเล่มมีรูปแบบมาตรฐานอะไรบ้าง?,มี 2 รูปแบบ คือ แบบ APA (American Psychological Association) และแบบ MLA (Modern Language Association) โดยต้องเลือกใช้แบบใดแบบหนึ่งตลอดทั้งเล่ม,"รูปแบบบรรณานุกรม, APA, MLA","บรรณานุกม, บันนานุกรม",บทที่ 3 หน้า 27-28
471,ภาพรวมการส่งวิทยานิพนธ์ฉบับสมบูรณ์ต้องเตรียมอะไรบ้าง?,ต้องส่งเล่มสมบูรณ์ 1 เล่ม ใส่ซองสีน้ำตาล ปะสำเนาปกในหน้าซอง พร้อมแนบคำร้อง บว.29 และ บว.30 เมื่ออนุมัติแล้วจึงชำระค่าเข้าเล่มและส่งซีดีบันทึกข้อมูล,"ส่งเล่มสมบูรณ์, จบการศึกษา, สิ่งที่ต้องส่ง","ส่งเล่มจบ, ฉบับสมบูน",บทที่ 1 หน้า 3-4
472,การส่งไฟล์ในแผ่นซีดีต้องมีไฟล์อะไรบ้าง และจัดรูปแบบอย่างไร?,"ต้องบันทึกเป็นไฟล์ .doc และ .pdf โดยแยกไฟล์ตามส่วนประกอบ เช่น ปก บทคัดย่อ สารบัญ เนื้อหาแต่ละบท บรรณานุกรม และตั้งชื่อไฟล์ตามที่คู่มือกำหนด (เช่น 01_cov.doc, 05_ch1.doc)","ไฟล์ซีดี, แผ่น CD, การตั้งชื่อไฟล์","แผ่นซีดี, ไฟล์วิจัย",ภาคผนวก ข หน้า 127
473,บทคัดย่อที่ดีในภาพรวมควรมีลักษณะอย่างไร?,ต้องมีความถูกต้อง สมบูรณ์ กระชับ ชัดเจน เป็นการรายงานผลมากกว่าการประเมิน และต้องระบุคำสำคัญ (Keywords) ไว้ด้านล่างด้วย,"ลักษณะบทคัดย่อ, ภาพรวมบทคัดย่อ","บดคัดย่อ, คำสำคัน",บทที่ 2 หน้า 9
474,กิตติกรรมประกาศคืออะไร มีข้อควรระวังในการเขียนอย่างไร?,คือข้อความขอบคุณผู้ให้ความช่วยเหลือในการทำวิจัย ควรใช้ภาษาทางการ ไม่ใช้ภาษาพูดหรือคำสแลง ห้ามใช้ชื่อเล่น และความยาวไม่ควรเกิน 1 หน้า,"กิตติกรรมประกาศ, ข้อควรระวัง, การขอบคุณ","กิตติกรรม, ขอบคุน",บทที่ 2 หน้า 9
475,ภาพรวมเนื้อหาของบทที่ 1 บทนำ ต้องเขียนครอบคลุมเรื่องใดบ้าง?,ต้องครอบคลุมความเป็นมาของปัญหา วัตถุประสงค์ สมมติฐาน (ถ้ามี) ขอบเขตการวิจัย ข้อตกลงเบื้องต้น นิยามศัพท์เฉพาะ และประโยชน์ที่คาดว่าจะได้รับ,"บทที่ 1, บทนำ, ภาพรวมบทนำ","บดนำ, ความเป็นมา",บทที่ 2 หน้า 10-11
476,หลักการเขียนบทที่ 2 เอกสารและงานวิจัยที่เกี่ยวข้องคืออะไร?,ต้องรวบรวมทฤษฎีและงานวิจัยที่เกี่ยวข้องมาวิเคราะห์และสังเคราะห์ให้เห็นความเชื่อมโยงกับงานวิจัยของเรา โดยงานวิจัยที่อ้างอิงไม่ควรมีอายุเกิน 5 ปี,"บทที่ 2, ทฤษฎี, งานวิจัยที่เกี่ยวข้อง","ทิสดี, เอกสารเกี่ยวข้อง",บทที่ 2 หน้า 11-12
477,บทที่ 3 วิธีดำเนินการวิจัย มีความสำคัญอย่างไรและต้องระบุอะไรบ้าง?,เป็นหัวใจของวิทยานิพนธ์ ต้องระบุแผนการดำเนินงาน ประชากร กลุ่มตัวอย่าง เครื่องมือที่ใช้ วิธีการเก็บรวบรวมข้อมูล และการวิเคราะห์ข้อมูลทางสถิติให้ชัดเจน,"บทที่ 3, วิธีดำเนินการวิจัย, ภาพรวมบทที่ 3","วิธีวิจัย, กานเก็บข้อมูล",บทที่ 2 หน้า 12-13
478,ภาพรวมการนำเสนอผลการวิจัยในบทที่ 4 ควรทำอย่างไร?,นำเสนอผลการวิเคราะห์ข้อมูลตามความเป็นจริง สอดคล้องกับวัตถุประสงค์ อาจใช้ตารางหรือกราฟประกอบ และไม่ควรนำความคิดเห็นส่วนตัวเข้าไปอธิบายประกอบในบทนี้,"บทที่ 4, ผลการวิจัย, การนำเสนอผล","ผลวิจัย, นำเสนอข้อมูล",บทที่ 2 หน้า 13
479,บทที่ 5 สรุป อภิปรายผล และข้อเสนอแนะ มีหลักการเขียนภาพรวมอย่างไร?,สรุปสาระสำคัญด้วยภาษาที่เข้าใจง่าย อภิปรายผลโดยเชื่อมโยงกับทฤษฎีในบทที่ 2 และให้ข้อเสนอแนะที่เกิดจากการทำวิจัยครั้งนี้จริงๆ สำหรับการนำไปใช้หรือทำวิจัยต่อ,"บทที่ 5, สรุปผล, ภาพรวมบทที่ 5","บทสลุป, ข้อเสนอแนะ",บทที่ 2 หน้า 13-14
480,กฎเกณฑ์ภาพรวมในการใส่ตารางและภาพประกอบคืออะไร?,ต้องมีเลขที่และชื่อกำกับ (ตารางอยู่ด้านบน ภาพอยู่ด้านล่าง) หากนำมาจากแหล่งอื่นต้องอ้างอิงที่มา และควรจัดให้อยู่ในหน้าเดียวกัน หากยาวเกินไปต้องขึ้นหน้าใหม่และใส่คำว่า (ต่อ),"ตาราง, ภาพประกอบ, กฎการใส่รูป","รูปภาพ, ตารางวิจัย",บทที่ 3 หน้า 20-21
481,ตารางขนาดใหญ่ที่ใส่หน้าเดียวไม่พอ ต้องทำยังไง?,ให้ย่อส่วนหรือแยกมากกว่า 1 ตาราง โดยพิมพ์ส่วนที่เหลือในหน้าถัดไป พร้อมระบุเลขที่ตารางและตามด้วยคำว่า (ต่อ) เช่น ตารางที่ 1-1 (ต่อ),"ตารางขนาดใหญ่, ตารางยาว, ตารางต่อหน้าใหม่, ตาราง (ต่อ)","ตาางใหญ่, ตารางยาวเกิน",บทที่ 3 หน้า 21
482,รูปภาพประกอบในเล่มวิทยานิพนธ์ติดกาวได้ไหม?,ห้ามใช้วิธีการติดภาพด้วยกาวหรือวัสดุติดภาพอย่างอื่น จะต้องพิมพ์เป็นภาพบนกระดาษให้ชัดเจน หากเป็นภาพสีต้องพิมพ์สีลงบนกระดาษขาว,"ติดกาวรูปภาพ, แปะรูป, พิมพ์ภาพ, ภาพประกอบ","ติดกาวรูป, แปะกาว",บทที่ 3 หน้า 21
483,ถ้าสมการมีหลายอัน ต้องใส่เลขกำกับยังไง?,ต้องมีเลขที่กำกับของสมการ พิมพ์เรียงลำดับตามบท ชิดขอบขวา เช่น สมการแรกในบทที่ 1 ให้พิมพ์ (1-1),"เลขสมการ, ลำดับสมการ, การพิมพ์สมการ","เลกสมการ, ลำดับสมกาน",บทที่ 3 หน้า 21
484,การอ้างอิงแบบนาม-ปี ถ้าชื่อผู้แต่งอยู่ข้างนอกวงเล็บ ต้องเขียนยังไง?,หากชื่อผู้แต่งปรากฏในประโยค ให้ระบุเฉพาะปีที่พิมพ์ไว้ในเครื่องหมายวงเล็บ เช่น สมาน (2523),"อ้างอิงนาม-ปี, ชื่อผู้แต่งนอกวงเล็บ, รูปแบบอ้างอิง","อ้างอิงนามปี, ชื่อผู้แต่ง",บทที่ 3 หน้า 22
485,เอกสารอ้างอิงภาษาอังกฤษ ต้องใส่ชื่อหรือนามสกุลก่อน?,ให้ขึ้นต้นชื่อผู้แต่งด้วยชื่อสกุล (นามสกุล) เท่านั้น โดยไม่ต้องกำกับชื่อภาษาไทยในวงเล็บ,"อ้างอิงภาษาอังกฤษ, นามสกุลก่อนชื่อ, ชื่อผู้แต่งอังกฤษ","อ้างอิงอังกิด, ชื่อผู้แต่งอังกิด",บทที่ 3 หน้า 22
486,ถ้าข้อความที่คัดลอกมายาวเกิน 3 บรรทัด ต้องพิมพ์แบบไหน?,ให้พิมพ์แยกจากเนื้อหาโดยขึ้นบรรทัดใหม่ ไม่ต้องเว้นบรรทัด ไม่ต้องใส่เครื่องหมายอัญประกาศ และให้ด้านซ้ายของข้อความอยู่ในระดับเสมอย่อหน้า,"คัดลอกข้อความยาว, อ้างอิงเกิน 3 บรรทัด, การพิมพ์อ้างอิง","คัดลอกข้อความ, ก๊อปข้อความ",บทที่ 3 หน้า 22
487,ผู้แต่งคนเดียวกันพิมพ์หนังสือหลายเล่มในปีเดียวกัน จะอ้างอิงยังไง?,"ให้ใส่ตัวอักษร ก, ข, ค... กำกับไว้ที่ปีที่พิมพ์สำหรับเอกสารภาษาไทย หรือ a, b, c... สำหรับภาษาต่างประเทศ เช่น (ศักดิ์, 2512 ก)","ผู้แต่งคนเดียวกัน, พิมพ์ปีเดียวกัน, อ้างอิงซ้ำปี","ผู้แต่งซ้ำ, พิมพ์ปีเดียวกัน",บทที่ 3 หน้า 24
488,การเรียงลำดับบรรณานุกรม ต้องเรียงภาษาไทยหรืออังกฤษก่อน?,หากวิทยานิพนธ์เขียนด้วยภาษาไทย ให้เรียงรายการภาษาไทยก่อนแล้วตามด้วยภาษาอังกฤษ หากเขียนด้วยภาษาอังกฤษให้เรียงภาษาอังกฤษก่อน,"เรียงบรรณานุกรม, ลำดับบรรณานุกรม, ภาษาไทยก่อนอังกฤษ","เรียงบันนานุกม, ลำดับบันนานุกม",บทที่ 3 หน้า 24
489,ถ้ามีผู้แต่งหนังสือ 4 คนขึ้นไป เวลาเขียนบรรณานุกรมต้องเขียนชื่อทุกคนไหม?,"ให้ลงชื่อผู้แต่งคนแรก ตามด้วยคำว่า ""และคนอื่น ๆ"" (หรือ ""และคณะ"") สำหรับภาษาไทย หรือ ""et al."" (หรือ ""and others"") สำหรับภาษาอังกฤษ","ผู้แต่ง 4 คนขึ้นไป, ผู้แต่งหลายคน, บรรณานุกรมผู้แต่งเยอะ","ผู้แต่งหลายคน, คนแต่งเยอะ",บทที่ 3 หน้า 25
490,การอ้างอิงแบบตัวเลข ถ้าอ้างอิงซ้ำแหล่งเดิมต้องเปลี่ยนเลขไหม?,ในกรณีที่มีการอ้างอิงซ้ำ ให้ใช้ตัวเลขเดิมที่เคยใช้อ้างอิงมาก่อนแล้ว โดยไม่ต้องเปลี่ยนหมายเลขใหม่,"อ้างอิงแบบตัวเลข, อ้างอิงซ้ำ, หมายเลขอ้างอิง","อ้างอิงซ้ำ, เลขอ้างอิง",บทที่ 3 หน้า 26
491,ภาคผนวกถ้ามีหลายอัน ต้องตั้งชื่อว่าอะไร?,"ถ้ามีหลายภาคให้ใช้คำว่า ภาคผนวก ก, ภาคผนวก ข... ตามลำดับ สำหรับภาษาไทย หรือ APPENDIX A, APPENDIX B... สำหรับภาษาอังกฤษ และต้องขึ้นหน้าใหม่เสมอ","ชื่อภาคผนวก, ภาคผนวกหลายอัน, ลำดับภาคผนวก","พากผนวก, ลำดับพากผนวก",บทที่ 3 หน้า 64
492,ลายเซ็นของกรรมการสอบในใบรับรองวิทยานิพนธ์ ใช้หมึกสีน้ำเงินได้ไหม?,ไม่ได้ ต้องลงลายมือชื่อจริงของคณะกรรมการสอบวิทยานิพนธ์ด้วยปากกาหมึกสีดำเท่านั้น,"ลายเซ็นกรรมการ, หมึกสีดำ, ใบรับรองวิทยานิพนธ์","ลายเซน, เซ็นชื่อ, หมึกดำ",บทที่ 2 หน้า 8
493,การตั้งชื่อไฟล์ปกวิทยานิพนธ์ในแผ่นซีดี ต้องตั้งชื่อว่าอะไร?,กำหนดให้ตั้งชื่อไฟล์ปกวิทยานิพนธ์ว่า 01_cov.doc,"ชื่อไฟล์ปก, ไฟล์ซีดี, 01_cov.doc","ชื่อไฟล, ตั้งชื่อไฟล",ภาคผนวก ข หน้า 127
494,ไฟล์บทคัดย่อภาษาไทยและอังกฤษ ต้องแยกไฟล์กันไหมตอนส่งซีดี?,ไม่ต้องแยก กำหนดให้บทคัดย่อทั้งภาษาไทยและภาษาอังกฤษอยู่ในไฟล์เดียวกัน โดยตั้งชื่อไฟล์ว่า 02_abs.doc,"ไฟล์บทคัดย่อ, ไฟล์ซีดี, 02_abs.doc","ไฟลบดคัดย่อ, ไฟล์รวม",ภาคผนวก ข หน้า 127
495,ไฟล์เนื้อหาวิทยานิพนธ์บทที่ 1 ถึงบทที่ 5 ต้องตั้งชื่อยังไง?,"กำหนดให้ตั้งชื่อไฟล์ตามจำนวนบทที่มีและเรียงตามลำดับ เช่น 05_ch1.doc, 05_ch2.doc ไปจนถึง 05_ch5.doc","ชื่อไฟล์เนื้อหา, ไฟล์แต่ละบท, 05_ch1.doc","ชื่อไฟลบท, ไฟลเนื้อหา",ภาคผนวก ข หน้า 127
496,บรรณานุกรมและเอกสารอ้างอิง บันทึกในซีดีด้วยชื่อไฟล์อะไร?,กำหนดให้ตั้งชื่อไฟล์บรรณานุกรมหรือเอกสารอ้างอิงว่า 06_ref.doc,"ชื่อไฟล์บรรณานุกรม, ไฟล์อ้างอิง, 06_ref.doc","ไฟลบันนานุกม, ชื่อไฟลอ้างอิง",ภาคผนวก ข หน้า 127
497,ไฟล์ประวัติผู้วิจัยตอนบันทึกลงซีดี ต้องใช้ชื่อไฟล์แบบไหน?,กำหนดให้ตั้งชื่อไฟล์ประวัติผู้วิจัยว่า 08_bio.doc,"ชื่อไฟล์ประวัติ, ประวัติผู้วิจัย, 08_bio.doc","ไฟลประวัติ, ชื่อไฟล",ภาคผนวก ข หน้า 127
498,แผ่นซีดีวิทยานิพนธ์ต้องใช้แผ่นความจุเท่าไหร่?,ต้องจัดส่งแผ่นซีดีแบบ CD-R ความจุ 700MB/80MIN ขนาด 12 เซนติเมตร,"ความจุแผ่นซีดี, ขนาดแผ่นซีดี, CD-R 700MB","แผ่นซีดี, ความจุซีดี, ขนาดซีดี",ภาคผนวก ข หน้า 127
499,ไฟล์ในแผ่นซีดีวิทยานิพนธ์ ต้องบันทึกเป็นนามสกุลอะไรบ้าง?,ให้นักศึกษาบันทึกข้อมูลวิทยานิพนธ์เป็นไฟล์นามสกุล .doc และ .pdf,"นามสกุลไฟล์ซีดี, ชนิดไฟล์, .doc, .pdf","นามสกุลไฟล, ไฟลวิจัย",ภาคผนวก ข หน้า 127
500,ปกกล่องซีดีวิทยานิพนธ์ ต้องระบุข้อมูลอะไรบ้าง?,ต้องระบุ ชื่อนักศึกษา รหัสประจำตัว ชื่อวิทยานิพนธ์ ชื่อปริญญา สาขาวิชา และปีการศึกษาที่สำเร็จการศึกษา,"ปกกล่องซีดี, ข้อมูลบนซีดี, รายละเอียดหน้าซีดี","ปกซีดี, ข้อมูลซีดี, หน้าซีดี",ภาคผนวก ข หน้า 127